tie,oddshome,oddsdraw,oddsaway,season,hometeam,awayteam,pcthomeunadj,pctdrawunadj,pctawayunadj,pcthome,pctdraw,pctaway
AS Roma - Liverpool,165,305,149,2018,AS Roma,Liverpool,0.37735849056603776,0.24691358024691357,0.40160642570281124,0.3678393609454506,0.24068501395196146,0.39147562510258793
Real Madrid - Bayern Munich,139,309,174,2018,Real Madrid,Bayern Munich,0.41841004184100417,0.24449877750611246,0.36496350364963503,0.4070642165178004,0.23786882089915473,0.3550669625830449
Bayern Munich - Real Madrid,100,308,256,2018,Bayern Munich,Real Madrid,0.5,0.24509803921568626,0.2808988764044944,0.4873308997208503,0.2388876959415933,0.2737814043375564
Liverpool - AS Roma,-192,362,568,2018,Liverpool,AS Roma,0.6575342465753424,0.21645021645021645,0.1497005988023952,0.6423208378182343,0.21144219498886682,0.1462369671928989
Bayern Munich - Sevilla,-370,581,952,2018,Bayern Munich,Sevilla,0.7872340425531915,0.14684287812041116,0.09505703422053231,0.7649480797027757,0.14268587429467974,0.09236604600254458
Real Madrid - Juventus,-154,341,413,2018,Real Madrid,Juventus,0.6062992125984252,0.22675736961451248,0.1949317738791423,0.5897919066936563,0.22058359734397726,0.1896244959623664
AS Roma - Barcelona,372,342,-143,2018,AS Roma,Barcelona,0.211864406779661,0.22624434389140272,0.588477366255144,0.20637762705580215,0.22038515830393351,0.5732372146402642
Manchester City - Liverpool,-204,430,495,2018,Manchester City,Liverpool,0.6710526315789473,0.18867924528301888,0.16806722689075632,0.6529025265042413,0.1835759970933124,0.16352147640244635
Barcelona - AS Roma,-455,603,1327,2018,Barcelona,AS Roma,0.8198198198198198,0.1422475106685633,0.0700770847932726,0.7942878997180874,0.13781744934379772,0.06789465093811478
Liverpool - Manchester City,210,262,135,2018,Liverpool,Manchester City,0.3225806451612903,0.27624309392265195,0.425531914893617,0.31491078699933367,0.2696749833419708,0.41541422965869546
Juventus - Real Madrid,200,224,159,2018,Juventus,Real Madrid,0.3333333333333333,0.30864197530864196,0.3861003861003861,0.32423034124629085,0.30021327893175076,0.3755563798219585
Sevilla - Bayern Munich,493,345,-172,2018,Sevilla,Bayern Munich,0.16863406408094436,0.2247191011235955,0.6323529411764706,0.16440778019342636,0.21908722169595915,0.6165049981106144
Barcelona - Chelsea,-208,363,619,2018,Barcelona,Chelsea,0.6753246753246753,0.2159827213822894,0.13908205841446453,0.6554072074088625,0.20961270547633498,0.13498008711480264
Besiktas - Bayern Munich,784,497,-294,2018,Besiktas,Bayern Munich,0.11312217194570136,0.16750418760469013,0.7461928934010152,0.11016756027952543,0.1631291847355117,0.726703254984963
AS Roma - Shakhtar Donetsk,-152,334,413,2018,AS Roma,Shakhtar Donetsk,0.6031746031746031,0.2304147465437788,0.1949317738791423,0.5864484348798211,0.22402529346003355,0.18952627166014532
Manchester Utd - Sevilla,-156,308,474,2018,Manchester Utd,Sevilla,0.609375,0.24509803921568626,0.17421602787456447,0.5923801656837647,0.23826251007894003,0.16935732423729538
Manchester City - Basel,-357,479,1201,2018,Manchester City,Basel,0.7811816192560175,0.17271157167530224,0.07686395080707148,0.7578716533930971,0.1675579675189259,0.074570379087977
Tottenham - Juventus,125,249,237,2018,Tottenham,Juventus,0.4444444444444444,0.28653295128939826,0.29673590504451036,0.43245956251401846,0.2788063082110434,0.28873412927493813
Liverpool - FC Porto,-227,371,708,2018,Liverpool,FC Porto,0.6941896024464832,0.21231422505307856,0.12376237623762376,0.6737963449915966,0.20607705492321343,0.12012660008519
Paris SG - Real Madrid,-127,358,298,2018,Paris SG,Real Madrid,0.5594713656387665,0.2183406113537118,0.25125628140703515,0.543667887015483,0.21217310860728714,0.2441590043772299
Sevilla - Manchester Utd,169,225,185,2018,Sevilla,Manchester Utd,0.37174721189591076,0.3076923076923077,0.3508771929824561,0.360808678885145,0.2986385680618585,0.34055275305299654
Shakhtar Donetsk - AS Roma,160,234,188,2018,Shakhtar Donetsk,AS Roma,0.38461538461538464,0.2994011976047904,0.3472222222222222,0.3729644219733863,0.2903315859673067,0.33670399205930707
Bayern Munich - Besiktas,-769,860,2349,2018,Bayern Munich,Besiktas,0.8849252013808976,0.10416666666666667,0.04083299305839118,0.8592133608957122,0.10114006429052529,0.039646574813762464
Chelsea - Barcelona,252,234,125,2018,Chelsea,Barcelona,0.2840909090909091,0.2994011976047904,0.4444444444444444,0.27637008215712094,0.2912642782015166,0.43236563964136243
FC Porto - Liverpool,258,248,114,2018,FC Porto,Liverpool,0.27932960893854747,0.28735632183908044,0.4672897196261682,0.27015105126456457,0.2779140125077992,0.4519349362276361
Real Madrid - Paris SG,125,274,215,2018,Real Madrid,Paris SG,0.4444444444444444,0.26737967914438504,0.31746031746031744,0.43179943922150754,0.25977238990598717,0.30842817087250535
Basel - Manchester City,1023,433,-303,2018,Basel,Manchester City,0.08904719501335707,0.18761726078799248,0.7518610421836228,0.08657752791526625,0.18241381585148966,0.731008656233244
Juventus - Tottenham,131,202,276,2018,Juventus,Tottenham,0.4329004329004329,0.33112582781456956,0.26595744680851063,0.42029833068068245,0.3214864714809194,0.258215197838398
Atl. Madrid - Real Madrid,163,258,167,2017,Atl. Madrid,Real Madrid,0.38022813688212925,0.27932960893854747,0.37453183520599254,0.36769361558079866,0.2701212874238828,0.36218509699531853
Juventus - Monaco,-154,295,476,2017,Juventus,Monaco,0.6062992125984252,0.25316455696202533,0.1736111111111111,0.5868879632464723,0.2450592514624428,0.1680527852910849
Monaco - Juventus,218,227,143,2017,Monaco,Juventus,0.31446540880503143,0.3058103975535168,0.411522633744856,0.30477406883219993,0.2963857917083779,0.3988401394594222
Real Madrid - Atl. Madrid,-123,254,412,2017,Real Madrid,Atl. Madrid,0.5515695067264574,0.2824858757062147,0.1953125,0.5358332197260234,0.2744265490765312,0.18974023119744537
Barcelona - Juventus,-204,413,509,2017,Barcelona,Juventus,0.6710526315789473,0.1949317738791423,0.16420361247947454,0.6513885037436121,0.18921960893060627,0.15939188732578163
Monaco - Dortmund,193,315,123,2017,Monaco,Dortmund,0.3412969283276451,0.24096385542168675,0.4484304932735426,0.33113400291256234,0.23378858518886927,0.4350774118985684
Leicester - Atl. Madrid,341,282,-119,2017,Leicester,Atl. Madrid,0.22675736961451248,0.2617801047120419,0.54337899543379,0.21974391945423197,0.25368342533852434,0.5265726552072438
Real Madrid - Bayern Munich,161,288,154,2017,Real Madrid,Bayern Munich,0.3831417624521073,0.25773195876288657,0.3937007874015748,0.3703375245195668,0.2491187987103271,0.38054367677010603
Atl. Madrid - Leicester,-303,428,1011,2017,Atl. Madrid,Leicester,0.7518610421836228,0.1893939393939394,0.09000900090009001,0.7290674889830314,0.1836522390115022,0.0872802720054664
Bayern Munich - Real Madrid,-145,334,371,2017,Bayern Munich,Real Madrid,0.5918367346938775,0.2304147465437788,0.21231422505307856,0.5720629739562997,0.2227163969796495,0.20522062906405072
Dortmund - Monaco,-185,391,454,2017,Dortmund,Monaco,0.6491228070175439,0.20366598778004075,0.18050541516245489,0.6282071463873269,0.19710357980997212,0.17468927380270094
Juventus - Barcelona,170,235,175,2017,Juventus,Barcelona,0.37037037037037035,0.29850746268656714,0.36363636363636365,0.35870729095687726,0.289107368830916,0.35218534021220677
Atl. Madrid - Bayer Leverkusen,-189,346,553,2017,Atl. Madrid,Bayer Leverkusen,0.6539792387543253,0.2242152466367713,0.15313935681470137,0.6341101319390493,0.21740317001255755,0.14848669804839304
Monaco - Manchester City,189,286,134,2017,Monaco,Manchester City,0.3460207612456747,0.25906735751295334,0.42735042735042733,0.3351490144858703,0.2509276300166231,0.4139233554975065
Juventus - FC Porto,-133,262,443,2017,Juventus,FC Porto,0.5708154506437768,0.27624309392265195,0.1841620626151013,0.5535337896358522,0.2678797262184887,0.17858648414565914
Leicester - Sevilla,200,260,136,2017,Leicester,Sevilla,0.3333333333333333,0.2777777777777778,0.423728813559322,0.32211101000909914,0.2684258416742493,0.4094631483166515
Barcelona - Paris SG,-189,398,458,2017,Barcelona,Paris SG,0.6539792387543253,0.20080321285140562,0.17921146953405018,0.6324788041630244,0.19420154098203826,0.17331965485493736
Dortmund - Benfica,-357,542,967,2017,Dortmund,Benfica,0.7811816192560175,0.1557632398753894,0.09372071227741331,0.7579389871228722,0.1511287891983004,0.09093222367882742
Arsenal - Bayern Munich,301,316,-119,2017,Arsenal,Bayern Munich,0.24937655860349128,0.2403846153846154,0.54337899543379,0.24137727482131713,0.23267376731574077,0.525948957862942
Napoli - Real Madrid,200,295,124,2017,Napoli,Real Madrid,0.3333333333333333,0.25316455696202533,0.44642857142857145,0.32270771026333067,0.24509446349113725,0.4321978262455322
FC Porto - Juventus,204,198,172,2017,FC Porto,Juventus,0.32894736842105265,0.33557046979865773,0.36764705882352944,0.31869652742828386,0.32511323603422243,0.3561902365374937
Sevilla - Leicester,-270,418,822,2017,Sevilla,Leicester,0.7297297297297297,0.19305019305019305,0.10845986984815618,0.7076237117169797,0.18720204013676714,0.10517424814625312
Bayer Leverkusen - Atl. Madrid,202,209,164,2017,Bayer Leverkusen,Atl. Madrid,0.33112582781456956,0.32362459546925565,0.3787878787878788,0.3203807997737823,0.31312298230317875,0.36649621792303877
Manchester City - Monaco,-164,333,467,2017,Manchester City,Monaco,0.6212121212121212,0.23094688221709006,0.1763668430335097,0.6039829950298066,0.22454164181809966,0.17147536315209375
Bayern Munich - Arsenal,-250,409,725,2017,Bayern Munich,Arsenal,0.7142857142857143,0.19646365422396855,0.12121212121212122,0.6921631489158296,0.19037886217724193,0.11745798890692866
Real Madrid - Napoli,-182,349,519,2017,Real Madrid,Napoli,0.6453900709219859,0.22271714922049,0.16155088852988692,0.6268003577946366,0.216302039817528,0.15689760238783532
Benfica - Dortmund,222,236,137,2017,Benfica,Dortmund,0.3105590062111801,0.2976190476190476,0.4219409282700422,0.30147877245985055,0.2889171569406901,0.4096040705994594
Paris SG - Barcelona,219,244,135,2017,Paris SG,Barcelona,0.31347962382445144,0.29069767441860467,0.425531914893617,0.3044350966517412,0.28231045299972507,0.4132544503485337
Real Madrid - Manchester City,-208,365,595,2016,Real Madrid,Manchester City,0.6753246753246753,0.21505376344086022,0.14388489208633093,0.6529523528291843,0.20792940929630765,0.139118237874508
Bayern Munich - Atl. Madrid,-175,308,565,2016,Bayern Munich,Atl. Madrid,0.6363636363636364,0.24509803921568626,0.15037593984962405,0.6167284724341946,0.23753547607759598,0.14573605148820926
Atl. Madrid - Bayern Munich,219,196,163,2016,Atl. Madrid,Bayern Munich,0.31347962382445144,0.33783783783783783,0.38022813688212925,0.30389313304888577,0.3275064508195762,0.36860041613153816
Manchester City - Real Madrid,158,229,193,2016,Manchester City,Real Madrid,0.3875968992248062,0.303951367781155,0.3412969283276451,0.37527104833906255,0.2942855029528211,0.33044344870811654
Atl. Madrid - Barcelona,214,243,136,2016,Atl. Madrid,Barcelona,0.3184713375796178,0.2915451895043732,0.423728813559322,0.30807523386894203,0.2820280566613639,0.4098967094696941
Benfica - Bayern Munich,585,323,-189,2016,Benfica,Bayern Munich,0.145985401459854,0.2364066193853428,0.6539792387543253,0.14086207052506083,0.2281099723632782,0.631027957111661
Manchester City - Paris SG,186,254,148,2016,Manchester City,Paris SG,0.34965034965034963,0.2824858757062147,0.4032258064516129,0.3377082980720408,0.2728377775384284,0.3894539243895309
Real Madrid - Wolfsburg,-526,734,1293,2016,Real Madrid,Wolfsburg,0.8402555910543131,0.11990407673860912,0.07178750897343862,0.8142428313891809,0.11619206819706832,0.06956510041375089
Paris SG - Manchester City,-145,298,420,2016,Paris SG,Manchester City,0.5918367346938775,0.25125628140703515,0.19230769230769232,0.5716016319937829,0.24266574222574389,0.18573262578047323
Wolfsburg - Real Madrid,448,337,-164,2016,Wolfsburg,Real Madrid,0.18248175182481752,0.2288329519450801,0.6212121212121212,0.1767331825282073,0.22162421973788926,0.6016425977339033
Barcelona - Atl. Madrid,-192,319,625,2016,Barcelona,Atl. Madrid,0.6575342465753424,0.2386634844868735,0.13793103448275862,0.6358340165006716,0.23078700877361288,0.1333789747257156
Bayern Munich - Benfica,-435,568,1333,2016,Bayern Munich,Benfica,0.8130841121495327,0.1497005988023952,0.06978367062107467,0.7874385141552466,0.14497887159235215,0.06758261425240143
Barcelona - Arsenal,-417,609,1055,2016,Barcelona,Arsenal,0.8065764023210832,0.14104372355430184,0.08658008658008658,0.7799035357051921,0.1363795151612141,0.08371694913359376
Bayern Munich - Juventus,-217,351,677,2016,Bayern Munich,Juventus,0.6845425867507886,0.22172949002217296,0.1287001287001287,0.6614115655771463,0.21423714458188706,0.1243512898409666
Atl. Madrid - PSV,-323,433,1062,2016,Atl. Madrid,PSV,0.7635933806146572,0.18761726078799248,0.08605851979345955,0.7361574113840738,0.18087615809540203,0.08296643052052434
Manchester City - Dyn. Kyiv,-227,363,694,2016,Manchester City,Dyn. Kyiv,0.6941896024464832,0.2159827213822894,0.12594458438287154,0.6699915781170549,0.20845400714006238,0.12155441474288271
Chelsea - Paris SG,-,-,-,2016,Chelsea,Paris SG,,,,,,
Zenit Petersburg - Benfica,110,252,260,2016,Zenit Petersburg,Benfica,0.47619047619047616,0.2840909090909091,0.2777777777777778,0.45873153779322323,0.2736750651607298,0.2675933970460469
Real Madrid - AS Roma,-278,480,695,2016,Real Madrid,AS Roma,0.7354497354497355,0.1724137931034483,0.12578616352201258,0.7115077197703386,0.1668009911146043,0.12169128911505722
Wolfsburg - Gent,-189,348,527,2016,Wolfsburg,Gent,0.6539792387543253,0.22321428571428573,0.1594896331738437,0.6308381050981428,0.21531582149159492,0.1538460734102624
Dyn. Kyiv - Manchester City,236,215,139,2016,Dyn. Kyiv,Manchester City,0.2976190476190476,0.31746031746031744,0.41841004184100417,0.2879749377460037,0.3071732669290706,0.40485179532492566
PSV - Atl. Madrid,384,227,-110,2016,PSV,Atl. Madrid,0.2066115702479339,0.3058103975535168,0.5238095238095238,0.19938746498306645,0.2951178380789118,0.5054946969380218
Arsenal - Barcelona,311,270,-109,2016,Arsenal,Barcelona,0.24330900243309003,0.2702702702702703,0.5215311004784688,0.23505609521154897,0.2611028517079639,0.5038410530804871
Juventus - Bayern Munich,269,216,125,2016,Juventus,Bayern Munich,0.27100271002710025,0.31645569620253167,0.4444444444444444,0.2626242478641002,0.30667198563877535,0.4307037664971244
AS Roma - Real Madrid,319,280,-114,2016,AS Roma,Real Madrid,0.2386634844868735,0.2631578947368421,0.5327102803738317,0.23069712973280893,0.254373940415913,0.514928929851278
Gent - Wolfsburg,-,-,-,2016,Gent,Wolfsburg,,,,,,
Benfica - Zenit Petersburg,106,242,290,2016,Benfica,Zenit Petersburg,0.4854368932038835,0.29239766081871343,0.2564102564102564,0.4693636248469237,0.28271610151598325,0.24792027363709299
Paris SG - Chelsea,-156,289,504,2016,Paris SG,Chelsea,0.609375,0.2570694087403599,0.16556291390728478,0.5904754613917184,0.24909649679698093,0.16042804181130063
Real Madrid - Juventus,-152,316,437,2015,Real Madrid,Juventus,0.6031746031746031,0.2403846153846154,0.186219739292365,0.5857321113193065,0.23343321744127224,0.18083467123942132
Bayern Munich - Barcelona,154,277,168,2015,Bayern Munich,Barcelona,0.3937007874015748,0.26525198938992045,0.373134328358209,0.3814608141475312,0.25700542916040564,0.36153375669206317
Barcelona - Bayern Munich,-135,296,390,2015,Barcelona,Bayern Munich,0.574468085106383,0.25252525252525254,0.20408163265306123,0.5571545248041109,0.24491454045822308,0.197930934737666
Juventus - Real Madrid,172,217,188,2015,Juventus,Real Madrid,0.36764705882352944,0.31545741324921134,0.3472222222222222,0.35682571446438627,0.3061722218748046,0.3370020636608092
Monaco - Juventus,315,206,112,2015,Monaco,Juventus,0.24096385542168675,0.32679738562091504,0.4716981132075472,0.2318165250391292,0.3143916924550281,0.4537917825058425
Real Madrid - Atl. Madrid,100,241,315,2015,Real Madrid,Atl. Madrid,0.5,0.2932551319648094,0.24096385542168675,0.483456604547085,0.2835522607314282,0.23299113472148675
Barcelona - Paris SG,-227,411,585,2015,Barcelona,Paris SG,0.6941896024464832,0.19569471624266144,0.145985401459854,0.6701514572186081,0.18891827074017847,0.14093027204121344
Bayern Munich - FC Porto,-286,434,797,2015,Bayern Munich,FC Porto,0.7409326424870466,0.18726591760299627,0.11148272017837235,0.7126536339057288,0.18011858168173395,0.10722778441253726
FC Porto - Bayern Munich,311,225,106,2015,FC Porto,Bayern Munich,0.24330900243309003,0.3076923076923077,0.4854368932038835,0.2347549536976973,0.2968747260607803,0.46837032024152225
Paris SG - Barcelona,348,261,-114,2015,Paris SG,Barcelona,0.22321428571428573,0.2770083102493075,0.5327102803738317,0.21609757112752503,0.2681764871610283,0.5157259417114466
Atl. Madrid - Real Madrid,194,225,158,2015,Atl. Madrid,Real Madrid,0.3401360544217687,0.3076923076923077,0.3875968992248062,0.3284988952094401,0.2971651544356166,0.3743359503549434
Juventus - Monaco,-192,293,722,2015,Juventus,Monaco,0.6575342465753424,0.2544529262086514,0.12165450121654502,0.6361336458411792,0.24617131120868363,0.11769504295013707
Barcelona - Manchester City,-270,474,682,2015,Barcelona,Manchester City,0.7297297297297297,0.17421602787456447,0.1278772378516624,0.7072237514994192,0.16884293976950904,0.12393330873107185
Dortmund - Juventus,125,235,239,2015,Dortmund,Juventus,0.4444444444444444,0.29850746268656714,0.2949852507374631,0.42819976245687463,0.28759685538148294,0.2842033821616425
Atl. Madrid - Bayer Leverkusen,-133,261,430,2015,Atl. Madrid,Bayer Leverkusen,0.5708154506437768,0.2770083102493075,0.18867924528301888,0.5507127786822786,0.2672527803573427,0.18203444096037869
Monaco - Arsenal,245,259,114,2015,Monaco,Arsenal,0.2898550724637681,0.2785515320334262,0.4672897196261682,0.2798649234456907,0.2689509709993407,0.45118410555496863
Bayern Munich - Shakhtar Donetsk,-625,730,1778,2015,Bayern Munich,Shakhtar Donetsk,0.8620689655172413,0.12048192771084337,0.05324813631522897,0.8322743514225242,0.11631786116266603,0.0514077874148098
Chelsea - Paris SG,123,223,264,2015,Chelsea,Paris SG,0.4484304932735426,0.30959752321981426,0.27472527472527475,0.4342087283444066,0.2997787814885532,0.2660124901670403
FC Porto - Basel,-227,355,736,2015,FC Porto,Basel,0.6941896024464832,0.21978021978021978,0.11961722488038277,0.6716314841497438,0.21263832629807447,0.11573018955218167
Real Madrid - Schalke,-476,643,1319,2015,Real Madrid,Schalke,0.8263888888888888,0.13458950201884254,0.07047216349541931,0.8011909881294107,0.1304856558022045,0.06832335606838473
Arsenal - Monaco,-164,281,570,2015,Arsenal,Monaco,0.6212121212121212,0.26246719160104987,0.14925373134328357,0.601405991149634,0.2540989399902429,0.14449506886012317
Bayer Leverkusen - Atl. Madrid,197,214,166,2015,Bayer Leverkusen,Atl. Madrid,0.3367003367003367,0.3184713375796178,0.37593984962406013,0.3265411440903263,0.308862164951678,0.36459669095799585
Juventus - Dortmund,-106,237,345,2015,Juventus,Dortmund,0.5145631067961165,0.29673590504451036,0.2247191011235955,0.49667385189228475,0.28641961113546455,0.2169065369722507
Manchester City - Barcelona,289,267,-101,2015,Manchester City,Barcelona,0.2570694087403599,0.2724795640326976,0.5024875621890548,0.24908944599504643,0.2640212383980193,0.4868893156069344
Basel - FC Porto,268,218,124,2015,Basel,FC Porto,0.2717391304347826,0.31446540880503143,0.44642857142857145,0.26315167277455964,0.3045277219529495,0.4323206052724909
Schalke - Real Madrid,590,343,-200,2015,Schalke,Real Madrid,0.14492753623188406,0.22573363431151242,0.6666666666666666,0.13971237542576007,0.21761069761574364,0.6426769269584962
Paris SG - Chelsea,167,206,202,2015,Paris SG,Chelsea,0.37453183520599254,0.32679738562091504,0.33112582781456956,0.36275849074379385,0.3165245654529181,0.32071694380328797
Shakhtar Donetsk - Bayern Munich,816,409,-278,2015,Shakhtar Donetsk,Bayern Munich,0.1091703056768559,0.19646365422396855,0.7354497354497355,0.10486217982704593,0.18871072047460521,0.7064270996983489
Chelsea - Atl. Madrid,138,223,219,2014,Chelsea,Atl. Madrid,0.42016806722689076,0.30959752321981426,0.31347962382445144,0.40275101335636915,0.29676390457837726,0.3004850820652535
Bayern Munich - Real Madrid,-135,330,324,2014,Bayern Munich,Real Madrid,0.574468085106383,0.23255813953488372,0.2358490566037736,0.5508502267122031,0.2229970771358617,0.2261526961519352
Real Madrid - Bayern Munich,124,266,212,2014,Real Madrid,Bayern Munich,0.44642857142857145,0.273224043715847,0.32051282051282054,0.42918996933068737,0.2626736424318961,0.30813638823741657
Atl. Madrid - Chelsea,-128,249,424,2014,Atl. Madrid,Chelsea,0.5614035087719298,0.28653295128939826,0.19083969465648856,0.5404470503314883,0.2758370511183277,0.18371589855018391
Atl. Madrid - Barcelona,269,252,104,2014,Atl. Madrid,Barcelona,0.27100271002710025,0.2840909090909091,0.49019607843137253,0.2592608639140418,0.27178198518261776,0.4689571509033404
Bayern Munich - Manchester Utd,-333,529,789,2014,Bayern Munich,Manchester Utd,0.76905311778291,0.1589825119236884,0.1124859392575928,0.7391034849459968,0.15279117383597426,0.10810534121802902
Chelsea - Paris SG,-120,280,330,2014,Chelsea,Paris SG,0.5454545454545454,0.2631578947368421,0.23255813953488372,0.5238858608528375,0.2527519504114567,0.2233621887357059
Dortmund - Real Madrid,194,285,125,2014,Dortmund,Real Madrid,0.3401360544217687,0.2597402597402597,0.4444444444444444,0.3257007500986972,0.2487169364390051,0.42558231346229763
Paris SG - Chelsea,108,235,278,2014,Paris SG,Chelsea,0.4807692307692308,0.29850746268656714,0.26455026455026454,0.4605832672568689,0.2859740883266529,0.25344264441647807
Real Madrid - Dortmund,-256,411,691,2014,Real Madrid,Dortmund,0.7191011235955056,0.19569471624266144,0.1264222503160556,0.6906344889657018,0.1879478642305145,0.12141764680378368
Barcelona - Atl. Madrid,-182,322,515,2014,Barcelona,Atl. Madrid,0.6453900709219859,0.23696682464454977,0.16260162601626016,0.6176226688351374,0.2267715126966157,0.15560581846824686
Manchester Utd - Bayern Munich,547,382,-208,2014,Manchester Utd,Bayern Munich,0.1545595054095827,0.2074688796680498,0.6753246753246753,0.14899411907999885,0.1999983299683802,0.651007550951621
Dortmund - Zenit Petersburg,-286,466,719,2014,Dortmund,Zenit Petersburg,0.7409326424870466,0.17667844522968199,0.1221001221001221,0.7126331191692786,0.16993030714827498,0.11743657368244644
Manchester Utd - Olympiakos Piraeus,-213,359,579,2014,Manchester Utd,Olympiakos Piraeus,0.6805111821086262,0.2178649237472767,0.14727540500736377,0.6508011273725519,0.2083532816467814,0.14084559098066665
Chelsea - Galatasaray,-244,369,727,2014,Chelsea,Galatasaray,0.7093023255813954,0.21321961620469082,0.12091898428053205,0.6797723837181657,0.2043427767477446,0.11588483953408975
Real Madrid - Schalke,-370,552,918,2014,Real Madrid,Schalke,0.7872340425531915,0.15337423312883436,0.09823182711198428,0.7578009747947618,0.14763988482570803,0.09455914037953009
Barcelona - Manchester City,-154,361,357,2014,Barcelona,Manchester City,0.6062992125984252,0.21691973969631237,0.2188183807439825,0.5818402022414838,0.2081688753547298,0.2099909224037865
Paris SG - Bayer Leverkusen,-244,383,691,2014,Paris SG,Bayer Leverkusen,0.7093023255813954,0.2070393374741201,0.1264222503160556,0.680213724780719,0.19854862142735577,0.12123765379192519
Atl. Madrid - AC Milan,-200,346,579,2014,Atl. Madrid,AC Milan,0.6666666666666666,0.2242152466367713,0.14727540500736377,0.6421634321775124,0.21597424849019475,0.14186231933229287
Bayern Munich - Arsenal,-333,519,769,2014,Bayern Munich,Arsenal,0.76905311778291,0.16155088852988692,0.11507479861910241,0.7354582632407808,0.15449379653478587,0.11004794022443319
Galatasaray - Chelsea,252,225,121,2014,Galatasaray,Chelsea,0.2840909090909091,0.3076923076923077,0.45248868778280543,0.27204687576936337,0.294647693140972,0.4333054310896647
Schalke - Real Madrid,501,324,-175,2014,Schalke,Real Madrid,0.16638935108153077,0.2358490566037736,0.6363636363636364,0.16020510650342049,0.22708318162395216,0.6127117118726273
Olympiakos Piraeus - Manchester Utd,225,221,136,2014,Olympiakos Piraeus,Manchester Utd,0.3076923076923077,0.3115264797507788,0.423728813559322,0.295021827938983,0.29869811239928185,0.4062800596617351
Zenit Petersburg - Dortmund,368,290,-133,2014,Zenit Petersburg,Dortmund,0.21367521367521367,0.2564102564102564,0.5708154506437768,0.20527910910628702,0.2463349309275444,0.5483859599661687
AC Milan - Atl. Madrid,294,227,106,2014,AC Milan,Atl. Madrid,0.25380710659898476,0.3058103975535168,0.4854368932038835,0.2428649716617874,0.2926262961307163,0.46450873220749633
Arsenal - Bayern Munich,420,311,-154,2014,Arsenal,Bayern Munich,0.19230769230769232,0.24330900243309003,0.6062992125984252,0.18457122206608592,0.23352076757752965,0.5819080103563843
Bayer Leverkusen - Paris SG,239,238,122,2014,Bayer Leverkusen,Paris SG,0.2949852507374631,0.2958579881656805,0.45045045045045046,0.28328727404521364,0.2841254020749332,0.4325873238798532
Manchester City - Barcelona,195,254,137,2014,Manchester City,Barcelona,0.3389830508474576,0.2824858757062147,0.4219409282700422,0.32488005483207677,0.27073337902673067,0.4043865661411926
Barcelona - Bayern Munich,108,297,222,2013,Barcelona,Bayern Munich,0.4807692307692308,0.2518891687657431,0.3105590062111801,0.4608523862055043,0.24145414692882844,0.29769346686566733
Real Madrid - Dortmund,-196,409,438,2013,Real Madrid,Dortmund,0.6621621621621622,0.19646365422396855,0.18587360594795538,0.6339516786734687,0.18809359777810306,0.17795472354842834
Dortmund - Real Madrid,159,252,168,2013,Dortmund,Real Madrid,0.3861003861003861,0.2840909090909091,0.373134328358209,0.37006700246355667,0.2722936182899465,0.3576393792464969
Bayern Munich - Barcelona,102,263,265,2013,Bayern Munich,Barcelona,0.49504950495049505,0.27548209366391185,0.273972602739726,0.4739564515955944,0.2637443614939671,0.2622991869104385
Barcelona - Paris SG,-238,395,623,2013,Barcelona,Paris SG,0.7041420118343196,0.20202020202020202,0.13831258644536654,0.6741589281351233,0.19341797615624454,0.13242309570863217
Juventus - Bayern Munich,200,233,141,2013,Juventus,Bayern Munich,0.3333333333333333,0.3003003003003003,0.4149377593360996,0.31789283549809266,0.2863899418901736,0.39571722261173364
Dortmund - Malaga,-312,426,894,2013,Dortmund,Malaga,0.7572815533980582,0.19011406844106463,0.1006036217303823,0.7225974236572376,0.18140668479256963,0.0959958915501928
Galatasaray - Real Madrid,392,284,-141,2013,Galatasaray,Real Madrid,0.2032520325203252,0.2604166666666667,0.5850622406639004,0.19380760574225395,0.2483159948572629,0.5578763994004831
Malaga - Dortmund,227,240,124,2013,Malaga,Dortmund,0.3058103975535168,0.29411764705882354,0.44642857142857145,0.2922621149093588,0.281087386986354,0.4266504981042873
Real Madrid - Galatasaray,-588,677,1453,2013,Real Madrid,Galatasaray,0.8546511627906976,0.1287001287001287,0.0643915003219575,0.8157070317916454,0.1228356135740665,0.06145735463428826
Bayern Munich - Juventus,-169,295,517,2013,Bayern Munich,Juventus,0.6282527881040892,0.25316455696202533,0.1620745542949757,0.6020677194415751,0.2426128627515298,0.1553194178068951
Paris SG - Barcelona,336,260,-116,2013,Paris SG,Barcelona,0.22935779816513763,0.2777777777777778,0.5370370370370371,0.2196550602017572,0.26602668402212815,0.5143182557761145
Bayern Munich - Arsenal,-286,448,736,2013,Bayern Munich,Arsenal,0.7409326424870466,0.18248175182481752,0.11961722488038277,0.710364507512098,0.1749532310114784,0.11468226147642363
Malaga - FC Porto,179,223,164,2013,Malaga,FC Porto,0.35842293906810035,0.30959752321981426,0.3787878787878788,0.3423959525386978,0.29575377943745107,0.3618502680238511
Barcelona - AC Milan,-357,525,851,2013,Barcelona,AC Milan,0.7811816192560175,0.16,0.10515247108307045,0.7465890927847512,0.15291483043255186,0.10049607678269705
Schalke - Galatasaray,-145,309,378,2013,Schalke,Galatasaray,0.5918367346938775,0.24449877750611246,0.20920502092050208,0.566058144993669,0.23384916199890213,0.20009269300742882
Juventus - Celtic,-227,359,674,2013,Juventus,Celtic,0.6941896024464832,0.2178649237472767,0.12919896640826872,0.6666864576000086,0.20923331858685593,0.12408022381313548
Paris SG - Valencia,-106,249,312,2013,Paris SG,Valencia,0.5145631067961165,0.28653295128939826,0.24271844660194175,0.4929641277117425,0.2745056233676243,0.23253024892063323
Dortmund - Shakhtar Donetsk,-149,301,409,2013,Dortmund,Shakhtar Donetsk,0.5983935742971888,0.24937655860349128,0.19646365422396855,0.5730455973320843,0.2388129570966694,0.1881414455712464
Manchester Utd - Real Madrid,199,257,131,2013,Manchester Utd,Real Madrid,0.33444816053511706,0.2801120448179272,0.4329004329004329,0.3192942515651679,0.26742011545654115,0.41328563297829085
AC Milan - Barcelona,507,304,-172,2013,AC Milan,Barcelona,0.16474464579901152,0.24752475247524752,0.6323529411764706,0.15770737383008246,0.23695142553183182,0.6053412006380856
Galatasaray - Schalke,133,234,216,2013,Galatasaray,Schalke,0.4291845493562232,0.2994011976047904,0.31645569620253167,0.41068663081628365,0.28649696101854516,0.3028164081651712
Arsenal - Bayern Munich,309,258,-110,2013,Arsenal,Bayern Munich,0.24449877750611246,0.27932960893854747,0.5238095238095238,0.23338099462894657,0.26662800783027696,0.4999909975407765
FC Porto - Malaga,-152,274,475,2013,FC Porto,Malaga,0.6031746031746031,0.26737967914438504,0.17391304347826086,0.5774949472107189,0.25599621217474877,0.16650884061453222
Real Madrid - Manchester Utd,-185,376,438,2013,Real Madrid,Manchester Utd,0.6491228070175439,0.21008403361344538,0.18587360594795538,0.6211223347852672,0.20102187759913825,0.17785578761559442
Shakhtar Donetsk - Dortmund,152,237,185,2013,Shakhtar Donetsk,Dortmund,0.3968253968253968,0.29673590504451036,0.3508771929824561,0.37994137403130673,0.2841104636673273,0.335948162301366
Celtic - Juventus,359,248,-118,2013,Celtic,Juventus,0.2178649237472767,0.28735632183908044,0.5412844036697247,0.2081832275842447,0.2745864984516331,0.517230273964122
Valencia - Paris SG,147,224,199,2013,Valencia,Paris SG,0.4048582995951417,0.30864197530864196,0.33444816053511706,0.38633418010264914,0.29452019285603187,0.3191456270413189
Real Madrid - Bayern Munich,-192,354,483,2012,Real Madrid,Bayern Munich,0.6575342465753424,0.22026431718061673,0.17152658662092624,0.6266258331263445,0.2099104525432413,0.16346371433041434
Barcelona - Chelsea,-417,560,933,2012,Barcelona,Chelsea,0.8065764023210832,0.15151515151515152,0.0968054211035818,0.7646020620801378,0.14363028344431047,0.0917676544755517
Chelsea - Barcelona,388,287,-143,2012,Chelsea,Barcelona,0.20491803278688525,0.25839793281653745,0.588477366255144,0.1948272788769118,0.2456736746561575,0.5594990464669306
Bayern Munich - Real Madrid,162,241,165,2012,Bayern Munich,Real Madrid,0.3816793893129771,0.2932551319648094,0.37735849056603776,0.3627120821074349,0.2786820102995541,0.3586059075930111
Chelsea - Benfica,-156,283,446,2012,Chelsea,Benfica,0.609375,0.26109660574412535,0.18315018315018314,0.5783621850108949,0.2478086619849854,0.17382915300411977
Real Madrid - APOEL,-1250,1013,2833,2012,Real Madrid,APOEL,0.9259259259259259,0.08984725965858041,0.03409478349812479,0.8819451142365977,0.08557957981810652,0.03247530594529579
Barcelona - AC Milan,-417,532,1016,2012,Barcelona,AC Milan,0.8065764023210832,0.15822784810126583,0.08960573476702509,0.7649552011556685,0.15006292649329167,0.08498187235103973
Bayern Munich - Marseille,-263,388,710,2012,Bayern Munich,Marseille,0.7245179063360881,0.20491803278688525,0.12345679012345678,0.6881212930918761,0.1946238463756397,0.11725486053248416
AC Milan - Barcelona,383,286,-143,2012,AC Milan,Barcelona,0.2070393374741201,0.25906735751295334,0.588477366255144,0.1963232188719446,0.24565832827758868,0.5580184528504667
Marseille - Bayern Munich,384,258,-132,2012,Marseille,Bayern Munich,0.2066115702479339,0.27932960893854747,0.5689655172413793,0.1958576724819027,0.2647908197800025,0.5393515077380948
APOEL - Real Madrid,933,407,-312,2012,APOEL,Real Madrid,0.0968054211035818,0.19723865877712032,0.7572815533980582,0.0920793881926721,0.18760948324069088,0.720311128566637
Benfica - Chelsea,125,227,227,2012,Benfica,Chelsea,0.4444444444444444,0.3058103975535168,0.3058103975535168,0.42084942084942084,0.28957528957528955,0.28957528957528955
Chelsea - Napoli,-159,322,399,2012,Chelsea,Napoli,0.6138996138996139,0.23696682464454977,0.20040080160320642,0.5839615184941513,0.22541064307428715,0.19062783843156147
Real Madrid - CSKA Moscow,-1000,913,2110,2012,Real Madrid,CSKA Moscow,0.9090909090909091,0.09871668311944719,0.04524886877828054,0.8632879078842847,0.09374301072780979,0.04296908138790557
Bayern Munich - Basel,-526,618,1238,2012,Bayern Munich,Basel,0.8402555910543131,0.1392757660167131,0.07473841554559044,0.7970024493530373,0.13210638266811098,0.07089116797885178
Inter - Marseille,-104,246,295,2012,Inter,Marseille,0.5098039215686274,0.28901734104046245,0.25316455696202533,0.4846110204950003,0.2747350160654182,0.2406539634395815
APOEL - Lyon,187,227,149,2012,APOEL,Lyon,0.34843205574912894,0.3058103975535168,0.40160642570281124,0.33000182381907717,0.28963462824487807,0.38036354793604477
Barcelona - Bayer Leverkusen,-833,797,1782,2012,Barcelona,Bayer Leverkusen,0.8928188638799571,0.11148272017837235,0.053134962805526036,0.8443238192663934,0.10542733794193865,0.05024884279166789
Arsenal - AC Milan,102,265,249,2012,Arsenal,AC Milan,0.49504950495049505,0.273972602739726,0.28653295128939826,0.46899448848177366,0.2595531141734747,0.2714523973447515
Benfica - Zenit Petersburg,-137,268,386,2012,Benfica,Zenit Petersburg,0.5780590717299579,0.2717391304347826,0.205761316872428,0.5476328537657791,0.25743610429722635,0.19493104193699445
Basel - Bayern Munich,494,281,-164,2012,Basel,Bayern Munich,0.16835016835016836,0.26246719160104987,0.6212121212121212,0.160024192633847,0.24948653654725753,0.5904892708188955
Marseille - Inter,-111,246,317,2012,Marseille,Inter,0.5260663507109005,0.28901734104046245,0.23980815347721823,0.49869221483735027,0.2739781735423656,0.22732961162028414
Napoli - Chelsea,120,229,237,2012,Napoli,Chelsea,0.45454545454545453,0.303951367781155,0.29673590504451036,0.43075375010198413,0.2880420213447918,0.281204228553224
CSKA Moscow - Real Madrid,675,342,-238,2012,CSKA Moscow,Real Madrid,0.12903225806451613,0.22624434389140272,0.7041420118343196,0.12179534735838057,0.21355519050394786,0.6646494621376716
AC Milan - Arsenal,110,227,265,2012,AC Milan,Arsenal,0.47619047619047616,0.3058103975535168,0.273972602739726,0.4509492774156985,0.2896004533862284,0.2594502691980731
Zenit Petersburg - Benfica,137,218,214,2012,Zenit Petersburg,Benfica,0.4219409282700422,0.31446540880503143,0.3184713375796178,0.3999903860020189,0.2981060423977311,0.30190357160024994
Bayer Leverkusen - Barcelona,831,388,-286,2012,Bayer Leverkusen,Barcelona,0.10741138560687433,0.20491803278688525,0.7409326424870466,0.10197973476520167,0.19455560054590731,0.7034646646888909
Lyon - APOEL,-222,313,699,2012,Lyon,APOEL,0.6894409937888198,0.24213075060532688,0.1251564455569462,0.652429830437975,0.22913247976902468,0.11843768979300025
Manchester Utd - Schalke,-185,297,533,2011,Manchester Utd,Schalke,0.6491228070175439,0.2518891687657431,0.1579778830963665,0.6129641389618934,0.23785796120108874,0.14917789983701774
Barcelona - Real Madrid,-161,318,405,2011,Barcelona,Real Madrid,0.6168582375478927,0.23923444976076555,0.19801980198019803,0.585192039574494,0.22695343446899302,0.18785452595651306
Real Madrid - Barcelona,165,211,177,2011,Real Madrid,Barcelona,0.37735849056603776,0.3215434083601286,0.36101083032490977,0.35602788810044345,0.3033678146193489,0.34060429728020764
Schalke - Manchester Utd,256,224,114,2011,Schalke,Manchester Utd,0.2808988764044944,0.30864197530864196,0.4672897196261682,0.26579367026496564,0.2920448969578017,0.4421614327772325
Schalke - Inter,154,264,156,2011,Schalke,Inter,0.3937007874015748,0.27472527472527475,0.390625,0.37174863562378324,0.25940701496824436,0.3688443494079724
Tottenham - Real Madrid,219,274,110,2011,Tottenham,Real Madrid,0.31347962382445144,0.26737967914438504,0.47619047619047616,0.2965608905133743,0.2529489948496428,0.4504901146369828
Manchester Utd - Chelsea,125,231,223,2011,Manchester Utd,Chelsea,0.4444444444444444,0.3021148036253776,0.30959752321981426,0.4208129479695981,0.28605109756241565,0.29313595446798635
Shakhtar Donetsk - Barcelona,293,270,-114,2011,Shakhtar Donetsk,Barcelona,0.2544529262086514,0.2702702702702703,0.5327102803738317,0.24063256155458726,0.25559080186744,0.5037766365779728
Barcelona - Shakhtar Donetsk,-500,558,1325,2011,Barcelona,Shakhtar Donetsk,0.8333333333333334,0.1519756838905775,0.07017543859649122,0.7895268648798848,0.14398666228812487,0.06648647283199029
Chelsea - Manchester Utd,110,220,269,2011,Chelsea,Manchester Utd,0.47619047619047616,0.3125,0.27100271002710025,0.44936636602351865,0.29489667770293415,0.2557369562735472
Inter - Schalke,-147,250,463,2011,Inter,Schalke,0.5951417004048583,0.2857142857142857,0.17761989342806395,0.5622628837413342,0.26992989753957153,0.1678072187190942
Real Madrid - Tottenham,-270,376,751,2011,Real Madrid,Tottenham,0.7297297297297297,0.21008403361344538,0.11750881316098707,0.6901675476773073,0.19869436090927767,0.111138091413415
Chelsea - FC Copenhagen,-345,446,948,2011,Chelsea,FC Copenhagen,0.7752808988764045,0.18315018315018314,0.09541984732824428,0.7356646725652478,0.17379135705873294,0.09054397037601927
Real Madrid - Lyon,-303,416,818,2011,Real Madrid,Lyon,0.7518610421836228,0.1937984496124031,0.10893246187363835,0.7129402415478058,0.1837662888836223,0.103293469568572
Bayern Munich - Inter,-133,300,325,2011,Bayern Munich,Inter,0.5708154506437768,0.25,0.23529411764705882,0.5404888543596486,0.23671786290563557,0.22279328273471583
Manchester Utd - Marseille,-185,292,561,2011,Manchester Utd,Marseille,0.6491228070175439,0.25510204081632654,0.15128593040847202,0.6149845367742016,0.24168587007811287,0.1433295931476857
Schalke - Valencia,161,217,177,2011,Schalke,Valencia,0.3831417624521073,0.31545741324921134,0.36101083032490977,0.3615875277442628,0.2977108666916485,0.34070160556408874
Tottenham - AC Milan,129,237,206,2011,Tottenham,AC Milan,0.4366812227074236,0.29673590504451036,0.32679738562091504,0.4118800650240246,0.27988289285015316,0.3082370421258223
Barcelona - Arsenal,-323,476,748,2011,Barcelona,Arsenal,0.7635933806146572,0.1736111111111111,0.1179245283018868,0.7236966912298965,0.16454017263837623,0.11176313613172727
Shakhtar Donetsk - AS Roma,-132,282,340,2011,Shakhtar Donetsk,AS Roma,0.5689655172413793,0.2617801047120419,0.22727272727272727,0.5377652643335815,0.24742491933482252,0.2148098163315959
Inter - Bayern Munich,163,221,174,2011,Inter,Bayern Munich,0.38022813688212925,0.3115264797507788,0.36496350364963503,0.35981983235081144,0.2948056570350885,0.34537451061410007
Marseille - Manchester Utd,198,211,150,2011,Marseille,Manchester Utd,0.33557046979865773,0.3215434083601286,0.4,0.31744022733211397,0.3041710216880063,0.37838875097987984
FC Copenhagen - Chelsea,338,224,-108,2011,FC Copenhagen,Chelsea,0.228310502283105,0.30864197530864196,0.5192307692307693,0.21616561611819518,0.29222388845607866,0.49161049542572627
Lyon - Real Madrid,326,243,-114,2011,Lyon,Real Madrid,0.2347417840375587,0.2915451895043732,0.5327102803738317,0.22166420467057307,0.27530306469289834,0.5030327306365285
Arsenal - Barcelona,291,279,-116,2011,Arsenal,Barcelona,0.2557544757033248,0.2638522427440633,0.5370370370370371,0.24204418412151835,0.2497078522203527,0.508247963658129
AS Roma - Shakhtar Donetsk,119,223,244,2011,AS Roma,Shakhtar Donetsk,0.45662100456621,0.30959752321981426,0.29069767441860467,0.43203141707331294,0.2929253261271069,0.2750432567995801
AC Milan - Tottenham,-143,267,408,2011,AC Milan,Tottenham,0.588477366255144,0.2724795640326976,0.1968503937007874,0.5563181053012543,0.257589031436529,0.1860928632622168
Valencia - Schalke,-147,269,426,2011,Valencia,Schalke,0.5951417004048583,0.27100271002710025,0.19011406844106463,0.5634432407490312,0.2565685534815749,0.17998820576939384
Barcelona - Inter,-250,409,571,2010,Barcelona,Inter,0.7142857142857143,0.19646365422396855,0.14903129657228018,0.6739939100799426,0.18538142909860894,0.1406246608214485
Lyon - Bayern Munich,139,238,192,2010,Lyon,Bayern Munich,0.41841004184100417,0.2958579881656805,0.3424657534246575,0.39594649892083156,0.2799740036747892,0.32407949740437925
Bayern Munich - Lyon,-152,268,442,2010,Bayern Munich,Lyon,0.6031746031746031,0.2717391304347826,0.18450184501845018,0.5693465485525898,0.2564990886642817,0.17415436278312857
Inter - Barcelona,212,223,133,2010,Inter,Barcelona,0.32051282051282054,0.30959752321981426,0.4291845493562232,0.302571854734633,0.29226755008422756,0.40516059518113945
Bordeaux - Lyon,106,238,262,2010,Bordeaux,Lyon,0.4854368932038835,0.2958579881656805,0.27624309392265195,0.459025495580666,0.2797611008568556,0.26121340356247846
Manchester Utd - Bayern Munich,-137,287,354,2010,Manchester Utd,Bayern Munich,0.5780590717299579,0.25839793281653745,0.22026431718061673,0.5470307637828055,0.24452798245256394,0.20844125376463052
Barcelona - Arsenal,-294,423,727,2010,Barcelona,Arsenal,0.7461928934010152,0.19120458891013384,0.12091898428053205,0.7050753880870219,0.18066863263113553,0.11425597928184267
CSKA Moscow - Inter,229,225,122,2010,CSKA Moscow,Inter,0.303951367781155,0.3076923076923077,0.45045045045045046,0.2861811965269542,0.28970342663805515,0.4241153768349907
Arsenal - Barcelona,198,236,131,2010,Arsenal,Barcelona,0.33557046979865773,0.2976190476190476,0.4329004329004329,0.3147675012774655,0.27916879577584736,0.4060637029466871
Inter - CSKA Moscow,-244,326,767,2010,Inter,CSKA Moscow,0.7093023255813954,0.2347417840375587,0.11534025374855825,0.6695420001544147,0.22158320639297954,0.10887479345260587
Bayern Munich - Manchester Utd,209,222,138,2010,Bayern Munich,Manchester Utd,0.32362459546925565,0.3105590062111801,0.42016806722689076,0.3069417965683526,0.2945497364584502,0.3985084669731973
Lyon - Bordeaux,106,217,285,2010,Lyon,Bordeaux,0.4854368932038835,0.31545741324921134,0.2597402597402597,0.4576853410936146,0.2974232815939577,0.24489137731242752
Barcelona - Stuttgart,-455,528,1273,2010,Barcelona,Stuttgart,0.8198198198198198,0.1592356687898089,0.07283321194464676,0.7793788633605715,0.15138071994299615,0.06924041669643233
Bordeaux - Olympiakos Piraeus,-189,295,566,2010,Bordeaux,Olympiakos Piraeus,0.6539792387543253,0.25316455696202533,0.15015015015015015,0.6185406067168572,0.2394457643040275,0.1420136289791154
Chelsea - Inter,-169,288,484,2010,Chelsea,Inter,0.6282527881040892,0.25773195876288657,0.17123287671232876,0.5942511495193236,0.2437832599595834,0.16196559052109308
Sevilla - CSKA Moscow,-182,286,548,2010,Sevilla,CSKA Moscow,0.6453900709219859,0.25906735751295334,0.15432098765432098,0.6095610385653879,0.2446851518468362,0.1457538095877759
Manchester Utd - AC Milan,-141,270,393,2010,Manchester Utd,AC Milan,0.5850622406639004,0.2702702702702703,0.2028397565922921,0.5528988602503412,0.25541235445722105,0.19168878529243769
Real Madrid - Lyon,-345,453,911,2010,Real Madrid,Lyon,0.7752808988764045,0.18083182640144665,0.09891196834817013,0.7348462112406455,0.17140056293843187,0.09375322582092269
Arsenal - FC Porto,-172,278,483,2010,Arsenal,FC Porto,0.6323529411764706,0.26455026455026454,0.17152658662092624,0.5918525912563718,0.24760659656351225,0.160540812180116
Fiorentina - Bayern Munich,186,234,141,2010,Fiorentina,Bayern Munich,0.34965034965034963,0.2994011976047904,0.4149377593360996,0.3286220523874845,0.2813949310862891,0.38998301652622647
Inter - Chelsea,161,204,192,2010,Inter,Chelsea,0.3831417624521073,0.32894736842105265,0.3424657534246575,0.36332083626659684,0.3119300600841506,0.32474910364925264
CSKA Moscow - Sevilla,162,215,179,2010,CSKA Moscow,Sevilla,0.3816793893129771,0.31746031746031744,0.35842293906810035,0.360904756624903,0.3001810991610304,0.33891414421406657
Olympiakos Piraeus - Bordeaux,199,209,150,2010,Olympiakos Piraeus,Bordeaux,0.33444816053511706,0.32362459546925565,0.4,0.3160918364424222,0.30586232717244094,0.378045836385137
Stuttgart - Barcelona,482,282,-164,2010,Stuttgart,Barcelona,0.1718213058419244,0.2617801047120419,0.6212121212121212,0.1628925878057725,0.2481766651909937,0.5889307470032339
Bayern Munich - Fiorentina,-244,341,733,2010,Bayern Munich,Fiorentina,0.7093023255813954,0.22675736961451248,0.12004801920768307,0.6716193016182588,0.2147104566342153,0.11367024174752574
FC Porto - Arsenal,133,218,222,2010,FC Porto,Arsenal,0.4291845493562232,0.31446540880503143,0.3105590062111801,0.4071152531051703,0.29829513828146126,0.2945896086133685
AC Milan - Manchester Utd,187,208,161,2010,AC Milan,Manchester Utd,0.34843205574912894,0.3246753246753247,0.3831417624521073,0.32987677017206213,0.30738517220578515,0.3627380576221526
Lyon - Real Madrid,293,231,-101,2010,Lyon,Real Madrid,0.2544529262086514,0.3021148036253776,0.5024875621890548,0.2402640618721399,0.2852682063919969,0.4744677317358632
Chelsea - Barcelona,172,235,154,2009,Chelsea,Barcelona,0.36764705882352944,0.29850746268656714,0.3937007874015748,0.34688419799590703,0.2816492592683185,0.37146654273577445
Arsenal - Manchester Utd,170,229,159,2009,Arsenal,Manchester Utd,0.37037037037037035,0.303951367781155,0.3861003861003861,0.34926692106848767,0.28663242762459473,0.36410065130691766
Manchester Utd - Arsenal,-132,252,400,2009,Manchester Utd,Arsenal,0.5689655172413793,0.2840909090909091,0.2,0.5402991739227506,0.26977748009228253,0.1899233459849669
Barcelona - Chelsea,-145,262,430,2009,Barcelona,Chelsea,0.5918367346938775,0.27624309392265195,0.18867924528301888,0.5600488789842513,0.2614059351326759,0.17854518588307297
Arsenal - Villarreal,-204,305,607,2009,Arsenal,Villarreal,0.6710526315789473,0.24691358024691357,0.14144271570014144,0.6334217261563306,0.23306730180528262,0.1335109720383868
FC Porto - Manchester Utd,245,239,110,2009,FC Porto,Manchester Utd,0.2898550724637681,0.2949852507374631,0.47619047619047616,0.27318252460714904,0.278017613538249,0.44879986185460197
Bayern Munich - Barcelona,181,254,137,2009,Bayern Munich,Barcelona,0.35587188612099646,0.2824858757062147,0.4219409282700422,0.33563361856870255,0.26642103620848984,0.39794534522280767
Chelsea - Liverpool,134,227,204,2009,Chelsea,Liverpool,0.42735042735042733,0.3058103975535168,0.32894736842105265,0.40236054107875757,0.28792772664351457,0.3097117322777279
Barcelona - Bayern Munich,-263,367,756,2009,Barcelona,Bayern Munich,0.7245179063360881,0.21413276231263384,0.11682242990654206,0.6864390076145107,0.2028784652169152,0.11068252716857406
Liverpool - Chelsea,120,198,273,2009,Liverpool,Chelsea,0.45454545454545453,0.33557046979865773,0.2680965147453083,0.4295408348597618,0.31711068345351545,0.2533484816867228
Manchester Utd - FC Porto,-250,326,792,2009,Manchester Utd,FC Porto,0.7142857142857143,0.2347417840375587,0.11210762331838565,0.6731336092058273,0.22121761804886342,0.10564877274530922
Villarreal - Arsenal,192,209,154,2009,Villarreal,Arsenal,0.3424657534246575,0.32362459546925565,0.3937007874015748,0.32314457226142734,0.30536639191047504,0.3714890358280976
AS Roma - Arsenal,150,222,186,2009,AS Roma,Arsenal,0.4,0.3105590062111801,0.34965034965034963,0.3772839748947119,0.2929223407567638,0.3297936843485243
Barcelona - Lyon,-256,346,802,2009,Barcelona,Lyon,0.7191011235955056,0.2242152466367713,0.11086474501108648,0.6821419139437888,0.2126913899278209,0.10516669612839039
FC Porto - Atl. Madrid,108,234,254,2009,FC Porto,Atl. Madrid,0.4807692307692308,0.2994011976047904,0.2824858757062147,0.4524221320884671,0.28174791459401544,0.2658299533175174
Manchester Utd - Inter,-156,252,503,2009,Manchester Utd,Inter,0.609375,0.2840909090909091,0.16583747927031509,0.5752601253760949,0.26818653863687414,0.15655333598703097
Bayern Munich - Sporting,-139,252,407,2009,Bayern Munich,Sporting,0.5815899581589958,0.2840909090909091,0.19723865877712032,0.5471627380229428,0.2672741464753992,0.18556311550165783
Juventus - Chelsea,163,209,179,2009,Juventus,Chelsea,0.38022813688212925,0.32362459546925565,0.35842293906810035,0.35793734819704803,0.3046521766207885,0.33741047518216355
Liverpool - Real Madrid,127,215,227,2009,Liverpool,Real Madrid,0.44052863436123346,0.31746031746031744,0.3058103975535168,0.41410876460868623,0.29842123671800563,0.28746999867330814
Panathinaikos - Villarreal,163,217,173,2009,Panathinaikos,Villarreal,0.38022813688212925,0.31545741324921134,0.3663003663003663,0.3580350087501189,0.29704481798511445,0.3449201732647666
Chelsea - Juventus,-133,229,451,2009,Chelsea,Juventus,0.5708154506437768,0.303951367781155,0.18148820326678766,0.5404144254192962,0.2877632404476907,0.17182233413301315
Real Madrid - Liverpool,-105,224,323,2009,Real Madrid,Liverpool,0.5121951219512195,0.30864197530864196,0.2364066193853428,0.4844626777035789,0.2919307728666481,0.223606549429773
Sporting - Bayern Munich,175,218,163,2009,Sporting,Bayern Munich,0.36363636363636365,0.31446540880503143,0.38022813688212925,0.34359452608572405,0.29713363104897517,0.3592718428653008
Villarreal - Panathinaikos,-147,252,451,2009,Villarreal,Panathinaikos,0.5951417004048583,0.2840909090909091,0.18148820326678766,0.5610728980181537,0.2678281652181586,0.17109893676368754
Arsenal - AS Roma,-104,221,320,2009,Arsenal,AS Roma,0.5098039215686274,0.3115264797507788,0.23809523809523808,0.4812078380982974,0.294052237515135,0.22473992438656748
Atl. Madrid - FC Porto,-101,217,271,2009,Atl. Madrid,FC Porto,0.5024875621890548,0.31545741324921134,0.2695417789757412,0.462063156309265,0.2900793154204399,0.247857528270295
Inter - Manchester Utd,144,200,215,2009,Inter,Manchester Utd,0.4098360655737705,0.3333333333333333,0.31746031746031744,0.3864082433758587,0.31427870461236507,0.29931305201177627
Lyon - Barcelona,262,236,-103,2009,Lyon,Barcelona,0.27624309392265195,0.2976190476190476,0.5073891625615764,0.2554846342143848,0.2752542785285931,0.4692610872570222
Chelsea - Liverpool,116,208,270,2008,Chelsea,Liverpool,0.46296296296296297,0.3246753246753247,0.2702702702702703,0.4376209640256828,0.306903013732297,0.25547602224202026
Manchester Utd - Barcelona,100,223,300,2008,Manchester Utd,Barcelona,0.5,0.30959752321981426,0.25,0.4718772826880935,0.2921840759678598,0.23593864134404674
Barcelona - Manchester Utd,216,181,273,2008,Barcelona,Manchester Utd,0.31645569620253167,0.35587188612099646,0.2680965147453083,0.3365031767995711,0.37841638387425075,0.28508043932617816
Liverpool - Chelsea,110,222,540,2008,Liverpool,Chelsea,0.47619047619047616,0.3105590062111801,0.15625,0.5049742710120069,0.32933104631217835,0.16569468267581475
Barcelona - Schalke,-233,324,685,2008,Barcelona,Schalke,0.6996996996996997,0.2358490566037736,0.12738853503184713,0.6582699707719337,0.22188426215387272,0.11984576707419367
Manchester Utd - AS Roma,-137,257,408,2008,Manchester Utd,AS Roma,0.5780590717299579,0.2801120448179272,0.1968503937007874,0.5479121194350883,0.2655036339040175,0.1865842466608942
Chelsea - Fenerbahce,-357,442,975,2008,Chelsea,Fenerbahce,0.7811816192560175,0.18450184501845018,0.09302325581395349,0.737864041507902,0.17427096807607018,0.08786499041602794
Liverpool - Arsenal,131,198,231,2008,Liverpool,Arsenal,0.4329004329004329,0.33557046979865773,0.3021148036253776,0.40435850240020993,0.3134456847464715,0.2821958128533187
Arsenal - Liverpool,219,143,530,2008,Arsenal,Liverpool,0.31347962382445144,0.411522633744856,0.15873015873015872,0.3547223322836945,0.46566429629011746,0.17961337142618813
Fenerbahce - Chelsea,656,277,-128,2008,Fenerbahce,Chelsea,0.13227513227513227,0.26525198938992045,0.5614035087719298,0.13794025143910024,0.2766122814004239,0.5854474671604759
AS Roma - Manchester Utd,213,202,145,2008,AS Roma,Manchester Utd,0.3194888178913738,0.33112582781456956,0.40816326530612246,0.30175243983507405,0.3127434227429741,0.3855041374219518
Schalke - Barcelona,1361,299,-115,2008,Schalke,Barcelona,0.06844626967830253,0.2506265664160401,0.5348837209302325,0.08015193409462021,0.29348866093293263,0.6263594049724472
Inter - Liverpool,-101,217,307,2008,Inter,Liverpool,0.5024875621890548,0.31545741324921134,0.2457002457002457,0.47242026965645434,0.2965814229969932,0.23099830734655244
Chelsea - Olympiakos Piraeus,-385,413,1208,2008,Chelsea,Olympiakos Piraeus,0.7938144329896907,0.1949317738791423,0.0764525993883792,0.7452265514443407,0.18300036832004518,0.07177308023561406
FC Porto - Schalke,-135,229,454,2008,FC Porto,Schalke,0.574468085106383,0.303951367781155,0.18050541516245489,0.5425012693905888,0.2870377086722692,0.17046102193714185
Real Madrid - AS Roma,-133,238,428,2008,Real Madrid,AS Roma,0.5708154506437768,0.2958579881656805,0.1893939393939394,0.540510446989528,0.28015067435280516,0.17933887865766693
AC Milan - Arsenal,119,196,269,2008,AC Milan,Arsenal,0.45662100456621,0.33783783783783783,0.27100271002710025,0.4285663837651407,0.3170812096100197,0.2543524066248396
Barcelona - Celtic,-556,562,2893,2008,Barcelona,Celtic,0.8475609756097561,0.1510574018126888,0.03341129301703976,0.8212564036543896,0.14636924319081038,0.03237435315480002
Manchester Utd - Lyon,-263,357,747,2008,Manchester Utd,Lyon,0.7245179063360881,0.2188183807439825,0.1180637544273908,0.6826058771460817,0.20616013961447,0.1112339832394484
Sevilla - Fenerbahce,-278,369,769,2008,Sevilla,Fenerbahce,0.7354497354497355,0.21321961620469082,0.11507479861910241,0.6913784064153243,0.20044257460768555,0.10817901897699025
Arsenal - AC Milan,110,202,308,2008,Arsenal,AC Milan,0.47619047619047616,0.33112582781456956,0.24509803921568626,0.4524743312915877,0.31463446877891865,0.23289119992949367
Celtic - Barcelona,320,225,112,2008,Celtic,Barcelona,0.23809523809523808,0.3076923076923077,0.4716981132075472,0.23400353212878686,0.3024045645972015,0.46359190327401173
Fenerbahce - Sevilla,175,204,170,2008,Fenerbahce,Sevilla,0.36363636363636365,0.32894736842105265,0.37037037037037035,0.34209977910223816,0.3094652607010378,0.34843496019672404
Lyon - Manchester Utd,238,200,133,2008,Lyon,Manchester Utd,0.2958579881656805,0.3333333333333333,0.4291845493562232,0.27953961944220046,0.3149479712382125,0.40551240931958693
AS Roma - Real Madrid,150,208,192,2008,AS Roma,Real Madrid,0.4,0.3246753246753247,0.3424657534246575,0.37483328887703393,0.30424779941317687,0.32091891170978926
Liverpool - Inter,147,202,202,2008,Liverpool,Inter,0.4048582995951417,0.33112582781456956,0.33112582781456956,0.3793969849246231,0.3103015075376884,0.3103015075376884
Olympiakos Piraeus - Chelsea,337,223,-110,2008,Olympiakos Piraeus,Chelsea,0.2288329519450801,0.30959752321981426,0.5238095238095238,0.2154249060156047,0.2914572257858182,0.4931178681985771
Schalke - FC Porto,122,213,240,2008,Schalke,FC Porto,0.45045045045045046,0.3194888178913738,0.29411764705882354,0.4233330416172738,0.30025538415027087,0.27641157423245527
Barcelona - Lyon,-417,621,1090,2019,Barcelona,Lyon,0.8065764023210832,0.13869625520110956,0.08403361344537816,0.7836116664895895,0.13474731390758166,0.0816410196028289
Bayern Munich - Liverpool,108,256,278,2019,Bayern Munich,Liverpool,0.4807692307692308,0.2808988764044944,0.26455026455026454,0.4684862832474585,0.2737223227962679,0.25779139395627343
Juventus - Atl. Madrid,-133,262,447,2019,Juventus,Atl. Madrid,0.5708154506437768,0.27624309392265195,0.18281535648994515,0.5542576135372239,0.26823001693634607,0.17751236952643012
Manchester City - Schalke,-286,878,2129,2019,Manchester City,Schalke,0.7409326424870466,0.10224948875255624,0.04486316733961418,0.8343410450710839,0.11513994715826448,0.05051900777065171
FC Porto - AS Roma,-127,309,342,2019,FC Porto,AS Roma,0.5594713656387665,0.24449877750611246,0.22624434389140272,0.5430629957925095,0.23732803273761552,0.21960897146987501
Paris SG - Manchester Utd,-204,366,567,2019,Paris SG,Manchester Utd,0.6710526315789473,0.2145922746781116,0.14992503748125938,0.6480031944114805,0.2072214204126589,0.14477538517586064
Dortmund - Tottenham,104,273,262,2019,Dortmund,Tottenham,0.49019607843137253,0.2680965147453083,0.27624309392265195,0.47383196591874116,0.25914670522097377,0.2670213288602851
Real Madrid - Ajax,-132,305,357,2019,Real Madrid,Ajax,0.5689655172413793,0.24691358024691357,0.2188183807439825,0.5498858644300807,0.23863359623602454,0.21148053933389482
Atl. Madrid - Juventus,190,190,194,2019,Atl. Madrid,Juventus,0.3448275862068966,0.3448275862068966,0.3401360544217687,0.33485193621867887,0.33485193621867887,0.33029612756264237
Schalke - Manchester City,972,458,-323,2019,Schalke,Manchester City,0.09328358208955224,0.17921146953405018,0.7635933806146572,0.09003438238185124,0.17296927941459592,0.7369963382035527
Liverpool - Bayern Munich,129,248,223,2019,Liverpool,Bayern Munich,0.4366812227074236,0.28735632183908044,0.30959752321981426,0.422471369562848,0.2780055851433683,0.2995230452937839
Lyon - Barcelona,372,290,-130,2019,Lyon,Barcelona,0.211864406779661,0.2564102564102564,0.5652173913043478,0.2049985830644203,0.24810084924719583,0.5469005676883839
Ajax - Real Madrid,233,265,119,2019,Ajax,Real Madrid,0.3003003003003003,0.273972602739726,0.45662100456621,0.2913008778930567,0.2657621707901038,0.44293695131683963
Tottenham - Dortmund,110,236,290,2019,Tottenham,Dortmund,0.47619047619047616,0.2976190476190476,0.2564102564102564,0.46222222222222226,0.2888888888888889,0.24888888888888888
AS Roma - FC Porto,110,240,280,2019,AS Roma,FC Porto,0.47619047619047616,0.29411764705882354,0.2631578947368421,0.46077032810271046,0.2845934379457918,0.25463623395149787
Manchester Utd - Paris SG,135,248,214,2019,Manchester Utd,Paris SG,0.425531914893617,0.28735632183908044,0.3184713375796178,0.41259316875722135,0.2786189501665144,0.30878788107626437
