season,stagecode,tieid,minuteclean,n,t1win,agr,aet,pk,minuterown,leg,goalst1,goalst2,goalst1diff,awaygoalst1,awaygoalst2,awaygoalst1diff,redcardst1,redcardst2,redcardst1diff,player,playerid,eventtype,minute,team,probh1,probd1,proba1,probh2,probd2,proba2
2015,cl-1k-1r16,054efa67|e89d5a28,94,2,FALSE,FALSE,FALSE,FALSE,94,2,0,1,-1,0,0,0,0,0,0,Thomas Müller,3c6089ab,penalty_goal,4,1,0.10486217982704593,0.18871072047460521,0.7064270996983489,0.8322743514225242,0.11631786116266603,0.0514077874148098
2015,cl-1k-1r16,054efa67|e89d5a28,94,2,FALSE,FALSE,FALSE,FALSE,95,2,0,1,-1,0,0,0,1,0,1,Oleksandr Kucher,46041bc8,red_card,4,2,0.10486217982704593,0.18871072047460521,0.7064270996983489,0.8322743514225242,0.11631786116266603,0.0514077874148098
2015,cl-1k-1r16,18bb7c10|fd6114db,90,2,FALSE,TRUE,FALSE,FALSE,90,1,1,2,-1,0,2,-2,0,0,0,Alex Oxlade-Chamberlain,38c7feef,goal,90+1,1,0.601405991149634,0.2540989399902429,0.14449506886012317,0.2798649234456907,0.2689509709993407,0.45118410555496863
2015,cl-1k-1r16,18bb7c10|fd6114db,90,2,FALSE,TRUE,FALSE,FALSE,91,1,1,3,-2,0,3,-3,0,0,0,Yannick Carrasco,de39485a,goal,90+4,2,0.601405991149634,0.2540989399902429,0.14449506886012317,0.2798649234456907,0.2689509709993407,0.45118410555496863
2015,el-0q-1fqr,253fffc4|738cdee0,180,2,FALSE,FALSE,FALSE,FALSE,180,2,0,8,-8,0,5,-5,1,0,1,Matej Pučko,4078b9b1,goal,90,1,0.150234440902491,0.21794573821065596,0.6318198208868531,0.8572913303778987,0.09485871000886549,0.04784995961323575
2015,el-0q-1fqr,253fffc4|738cdee0,180,2,FALSE,FALSE,FALSE,FALSE,181,2,0,9,-9,0,5,-5,1,0,1,Goran Galešić,a54ea378,goal,90+4,1,0.150234440902491,0.21794573821065596,0.6318198208868531,0.8572913303778987,0.09485871000886549,0.04784995961323575
2015,el-0q-1fqr,63866313|6e8ad38a,173,2,FALSE,FALSE,FALSE,FALSE,173,2,3,5,-2,1,3,-2,1,0,1,Bachana Tskhadadze,bdd30923,penalty_goal,83,1,0.28114013471332344,0.29457039592574336,0.42428946936093315,0.643266172802408,0.2135122906538779,0.14322153654371406
2015,el-0q-1fqr,63866313|6e8ad38a,173,2,FALSE,FALSE,FALSE,FALSE,174,2,3,5,-2,1,3,-2,2,0,2,Lasha Japaridze,6254d84f,red_card,83,2,0.28114013471332344,0.29457039592574336,0.42428946936093315,0.643266172802408,0.2135122906538779,0.14322153654371406
2015,el-0q-2sqr,4fea542b|d884c383,135,2,FALSE,FALSE,FALSE,FALSE,135,2,1,3,-2,0,1,-1,0,0,0,Pablo de Blasis,9ab48bde,penalty_goal,45,1,0.2857902856838857,0.293929882428047,0.4202798318880672,0.6826976853375559,0.21097099824852528,0.10633131641391881
2015,el-0q-2sqr,4fea542b|d884c383,135,2,FALSE,FALSE,FALSE,FALSE,136,2,1,3,-2,0,1,-1,1,0,1,Saku-Pekka Sahlgren,140c3a4d,red_card,45+3,2,0.2857902856838857,0.293929882428047,0.4202798318880672,0.6826976853375559,0.21097099824852528,0.10633131641391881
2015,el-0q-3tqr,12d53956|2c9bebcd,135,2,TRUE,FALSE,FALSE,FALSE,135,2,4,1,3,1,0,1,0,0,0,Josef Šural,054ee0ca,goal,45,1,0.4943598085078231,0.27684985049571664,0.2287903409964602,0.3690982327298921,0.2849572982169987,0.34594446905310916
2015,el-0q-3tqr,12d53956|2c9bebcd,135,2,TRUE,FALSE,FALSE,FALSE,136,2,4,2,2,1,0,1,0,0,0,Michal Obročník,3e72c8d6,goal,45+3,1,0.4943598085078231,0.27684985049571664,0.2287903409964602,0.3690982327298921,0.2849572982169987,0.34594446905310916
2015,el-0q-4po,32f3ee20|fac9957a,180,2,FALSE,FALSE,FALSE,FALSE,180,2,2,9,-7,0,3,-3,1,0,1,Ivan Tatomirović,91be4a61,yellow_red_card,90,2,0.17069712322012348,0.23454891494834923,0.5947539618315273,0.7753204074240173,0.14636549858946565,0.07831409398651709
2015,el-0q-4po,32f3ee20|fac9957a,180,2,FALSE,FALSE,FALSE,FALSE,181,2,2,10,-8,0,3,-3,1,0,1,Thorgan Hazard,50871bcc,goal,90+2,1,0.17069712322012348,0.23454891494834923,0.5947539618315273,0.7753204074240173,0.14636549858946565,0.07831409398651709
2015,el-0q-4po,4f30dd8b|edd0d381,90,2,FALSE,FALSE,FALSE,FALSE,90,1,1,2,-1,0,2,-2,1,0,1,Geraldo Alves,629d2734,red_card,90+5,1,0.41610648730147826,0.28285184182124656,0.3010416708772753,0.5050405927459923,0.2563299711739298,0.2386294360800779
2015,el-0q-4po,4f30dd8b|edd0d381,90,2,FALSE,FALSE,FALSE,FALSE,91,1,1,3,-2,0,3,-3,1,0,1,Paulo Machado,e4ad1288,goal,90+6,2,0.41610648730147826,0.28285184182124656,0.3010416708772753,0.5050405927459923,0.2563299711739298,0.2386294360800779
2015,el-0q-4po,d0ab5e26|dde3e804,180,4,TRUE,FALSE,FALSE,FALSE,180,2,5,3,2,2,2,0,0,1,-1,Petar Škuletić,d9a66c60,goal,90+2,2,0.6224974282703041,0.2373985244898088,0.14010404723988715,0.3059160501967896,0.2843990191431927,0.4096849306600177
2015,el-0q-4po,d0ab5e26|dde3e804,180,4,TRUE,FALSE,FALSE,FALSE,181,2,5,3,2,2,2,0,0,2,-2,Éric Ramos,975f2864,yellow_red_card,90+3,1,0.6224974282703041,0.2373985244898088,0.14010404723988715,0.3059160501967896,0.2843990191431927,0.4096849306600177
2015,el-0q-4po,d0ab5e26|dde3e804,180,4,TRUE,FALSE,FALSE,FALSE,182,2,5,3,2,2,2,0,0,3,-3,Cauê Cecilio da Silva,dcd0a712,red_card,90+4,1,0.6224974282703041,0.2373985244898088,0.14010404723988715,0.3059160501967896,0.2843990191431927,0.4096849306600177
2015,el-0q-4po,d0ab5e26|dde3e804,180,4,TRUE,FALSE,FALSE,FALSE,183,2,5,3,2,2,2,0,1,3,-2,Petar Škuletić,d9a66c60,red_card,90+4,2,0.6224974282703041,0.2373985244898088,0.14010404723988715,0.3059160501967896,0.2843990191431927,0.4096849306600177
2015,el-0q-4po,e31d1cd9|fa11a9cc,180,3,FALSE,FALSE,FALSE,FALSE,180,2,1,3,-2,0,0,0,0,0,0,Ari,30643ce2,goal,90,1,0.5340705689694569,0.24964613958920456,0.2162832914413385,0.39286214712548934,0.2824809396249742,0.3246569132495363
2015,el-0q-4po,e31d1cd9|fa11a9cc,180,3,FALSE,FALSE,FALSE,FALSE,181,2,1,3,-2,0,0,0,0,1,-1,Joãozinho,bce47a46,red_card,90+1,1,0.5340705689694569,0.24964613958920456,0.2162832914413385,0.39286214712548934,0.2824809396249742,0.3246569132495363
2015,el-0q-4po,e31d1cd9|fa11a9cc,180,3,FALSE,FALSE,FALSE,FALSE,182,2,1,3,-2,0,0,0,1,1,0,Markel Bergara,04a65a8f,yellow_red_card,90+1,2,0.5340705689694569,0.24964613958920456,0.2162832914413385,0.39286214712548934,0.2824809396249742,0.3246569132495363
2015,el-1k-1r32,2fdb4aef|c4770a69,180,2,TRUE,FALSE,FALSE,FALSE,180,2,3,2,1,1,0,1,0,1,-1,Chori Domínguez,bbb66f34,penalty_goal,90,1,0.3206828690740948,0.31334698644821685,0.3659701444776884,0.5571824264744023,0.26033507962031227,0.18248249390528556
2015,el-1k-1r32,2fdb4aef|c4770a69,180,2,TRUE,FALSE,FALSE,FALSE,181,2,4,2,2,2,0,2,0,1,-1,Nikola Kalinić,d4931a5a,goal,90+2,2,0.3206828690740948,0.31334698644821685,0.3659701444776884,0.5571824264744023,0.26033507962031227,0.18248249390528556
2015,el-1k-2r16,0f9294bd|f1e6c5f1,180,2,TRUE,FALSE,FALSE,FALSE,180,2,5,2,3,3,1,2,0,0,0,Boli Bolingoli-Mbombo,c603ad6a,goal,90,2,0.46673171009621206,0.2904735114193948,0.24279477848439315,0.4988432337319561,0.2639382189057969,0.23721854736224704
2015,el-1k-2r16,0f9294bd|f1e6c5f1,180,2,TRUE,FALSE,FALSE,FALSE,181,2,5,2,3,3,1,2,0,1,-1,Olcay Şahan,b05eeb7b,red_card,90+2,1,0.46673171009621206,0.2904735114193948,0.24279477848439315,0.4988432337319561,0.2639382189057969,0.23721854736224704
2016,cl-0q-1fqr,03022534|c582b1da,71,2,TRUE,FALSE,FALSE,FALSE,71,1,2,1,1,0,1,-1,0,0,0,Adolfo Hirsch,5e302f23,goal,71,2,,,,,,
2016,cl-0q-1fqr,03022534|c582b1da,71,2,TRUE,FALSE,FALSE,FALSE,72,1,2,1,1,0,1,-1,0,1,-1,Fabio Ceschi,d1b980b4,yellow_red_card,71,2,,,,,,
2016,cl-0q-2sqr,03022534|174bd5a0,90,2,TRUE,FALSE,FALSE,FALSE,90,1,4,0,4,0,0,0,0,0,0,Ola Kamara,e134351a,goal,90+2,1,,,,,,
2016,cl-0q-2sqr,03022534|174bd5a0,90,2,TRUE,FALSE,FALSE,FALSE,91,1,5,0,5,0,0,0,0,0,0,Mattias Moström,4210aebe,goal,90+5,1,,,,,,
2016,cl-0q-2sqr,0b6cd7c6|df526548,180,2,TRUE,FALSE,FALSE,FALSE,180,2,6,3,3,2,1,1,1,0,1,Matthew Snoddy,6dfb768f,goal,90+2,1,0.6863385395406792,0.20313995650752045,0.1105215039518002,0.3547875448701895,0.2733951081058519,0.3718173470239586
2016,cl-0q-2sqr,0b6cd7c6|df526548,180,2,TRUE,FALSE,FALSE,FALSE,181,2,6,4,2,2,1,1,1,0,1,Andrew Mitchell,fd8041d3,goal,90+3,1,0.6863385395406792,0.20313995650752045,0.1105215039518002,0.3547875448701895,0.2733951081058519,0.3718173470239586
2016,cl-0q-3tqr,d3d9424a|fdba14df,90,2,FALSE,FALSE,FALSE,FALSE,90,1,1,3,-2,0,3,-3,1,0,1,Davide Callà,eec369fc,goal,90+2,2,0.33039108515116417,0.29164151343590416,0.37796740141293184,0.536514508317377,0.25624046016475516,0.2072450315178679
2016,cl-0q-3tqr,d3d9424a|fdba14df,90,2,FALSE,FALSE,FALSE,FALSE,91,1,1,3,-2,0,3,-3,1,1,0,Taulant Xhaka,ead14875,red_card,90+3,2,0.33039108515116417,0.29164151343590416,0.37796740141293184,0.536514508317377,0.25624046016475516,0.2072450315178679
2016,cl-1k-1r16,98ce363d|a77c513e,90,2,TRUE,FALSE,FALSE,FALSE,90,1,0,0,0,0,0,0,0,1,-1,Domenico Criscito,35dd6d80,yellow_red_card,90,2,0.4693636248469237,0.28271610151598325,0.24792027363709299,0.45873153779322323,0.2736750651607298,0.2675933970460469
2016,cl-1k-1r16,98ce363d|a77c513e,90,2,TRUE,FALSE,FALSE,FALSE,91,1,1,0,1,0,0,0,0,1,-1,Jonas,9bcd6455,goal,90+1,1,0.4693636248469237,0.28271610151598325,0.24792027363709299,0.45873153779322323,0.2736750651607298,0.2675933970460469
2016,el-0q-1fqr,15c5743b|49a61d12,180,2,TRUE,FALSE,FALSE,FALSE,180,2,6,1,5,3,0,3,0,1,-1,Levi Hanssen,44ce655f,goal,90,1,,,,,,
2016,el-0q-1fqr,15c5743b|49a61d12,180,2,TRUE,FALSE,FALSE,FALSE,181,2,7,1,6,4,0,4,0,1,-1,David Arshakyan,3ccf45d0,penalty_goal,90+3,2,,,,,,
2016,el-0q-1fqr,8dc7bf66|d0ab5e26,180,4,FALSE,TRUE,FALSE,FALSE,180,2,3,3,0,1,2,-1,0,0,0,Ivan Vuković,cb8446d1,goal,90+1,1,0.5967516534114634,0.2319532332601434,0.17129511332839317,0.30585341212900263,0.28090464437225615,0.41324194349874127
2016,el-0q-1fqr,8dc7bf66|d0ab5e26,180,4,FALSE,TRUE,FALSE,FALSE,181,2,3,3,0,1,2,-1,0,1,-1,Miloš B. Radulović,7527615a,red_card,90+9,1,0.5967516534114634,0.2319532332601434,0.17129511332839317,0.30585341212900263,0.28090464437225615,0.41324194349874127
2016,el-0q-1fqr,8dc7bf66|d0ab5e26,180,4,FALSE,TRUE,FALSE,FALSE,182,2,3,3,0,1,2,-1,1,1,0,Ailton,74ced675,red_card,90+9,2,0.5967516534114634,0.2319532332601434,0.17129511332839317,0.30585341212900263,0.28090464437225615,0.41324194349874127
2016,el-0q-1fqr,8dc7bf66|d0ab5e26,180,4,FALSE,TRUE,FALSE,FALSE,183,2,3,3,0,1,2,-1,2,1,1,Maksym Vailo,5cc28d38,red_card,90+9,2,0.5967516534114634,0.2319532332601434,0.17129511332839317,0.30585341212900263,0.28090464437225615,0.41324194349874127
2016,el-0q-2sqr,04dcef70|ae7f2f70,180,2,TRUE,FALSE,FALSE,FALSE,180,2,5,1,4,4,0,4,0,0,0,Róbert Vittek,840573e7,goal,90+1,2,0.8508293090689338,0.10468817001966747,0.044482520911398635,0.07410303961841193,0.1465799937279559,0.7793169666536321
2016,el-0q-2sqr,04dcef70|ae7f2f70,180,2,TRUE,FALSE,FALSE,FALSE,181,2,6,1,5,5,0,5,0,0,0,Róbert Vittek,840573e7,goal,90+3,2,0.8508293090689338,0.10468817001966747,0.044482520911398635,0.07410303961841193,0.1465799937279559,0.7793169666536321
2016,el-0q-4po,44b65410|4b682260,94,2,FALSE,FALSE,FALSE,FALSE,94,2,0,2,-2,0,1,-1,0,0,0,Richard Almeida,bdf8165d,penalty_goal,4,1,0.5475871838001302,0.26597028193356725,0.18644253426630258,0.38177058863010943,0.2947848848916035,0.32344452647828714
2016,el-0q-4po,44b65410|4b682260,94,2,FALSE,FALSE,FALSE,FALSE,95,2,0,2,-2,0,1,-1,1,0,1,Leonardo Bertone,2e06f387,red_card,4,2,0.5475871838001302,0.26597028193356725,0.18644253426630258,0.38177058863010943,0.2947848848916035,0.32344452647828714
2016,el-0q-4po,7795f801|d298ef2c,56,2,FALSE,FALSE,FALSE,FALSE,56,1,1,1,0,0,1,-1,0,0,0,Cristian Bud,9e21510a,goal,56,1,0.09115788817763798,0.21113474997197318,0.6977073618503888,0.8393959317578246,0.12436028448364271,0.03624378375853273
2016,el-0q-4po,7795f801|d298ef2c,56,2,FALSE,FALSE,FALSE,FALSE,57,1,1,1,0,0,1,-1,0,1,-1,Romain Hamouma,0b4d8274,red_card,56,2,0.09115788817763798,0.21113474997197318,0.6977073618503888,0.8393959317578246,0.12436028448364271,0.03624378375853273
2017,cl-0q-1fqr,9549dc95|e6232d10,180,2,FALSE,FALSE,FALSE,FALSE,180,2,0,3,-3,0,0,0,2,1,1,Cristian Martínez,321808bd,yellow_red_card,90,2,0.26591375770020537,0.3162217659137577,0.417864476386037,0.6571308328923956,0.23929133970871544,0.10357782739888904
2017,cl-0q-1fqr,9549dc95|e6232d10,180,2,FALSE,FALSE,FALSE,FALSE,181,2,0,3,-3,0,0,0,3,1,2,Ibán Parra,11c55e2c,red_card,90+4,2,0.26591375770020537,0.3162217659137577,0.417864476386037,0.6571308328923956,0.23929133970871544,0.10357782739888904
2017,cl-0q-3tqr,90e37d3a|eab315a6,180,3,FALSE,FALSE,FALSE,FALSE,180,2,2,2,0,0,1,-1,0,0,0,Giannis Gianniotas,fe2d2289,goal,90+1,1,0.6000685239701553,0.24303217097465787,0.1568993050551868,0.40396684596142274,0.2843633689094003,0.31166978512917715
2017,cl-0q-3tqr,90e37d3a|eab315a6,180,3,FALSE,FALSE,FALSE,FALSE,181,2,2,3,-1,0,1,-1,0,0,0,Vander Vieira,fb9e8f9c,goal,90+6,1,0.6000685239701553,0.24303217097465787,0.1568993050551868,0.40396684596142274,0.2843633689094003,0.31166978512917715
2017,cl-0q-3tqr,90e37d3a|eab315a6,180,3,FALSE,FALSE,FALSE,FALSE,182,2,2,4,-2,0,1,-1,0,0,0,Tomas De Vincenti,8e3e66a0,goal,90+9,1,0.6000685239701553,0.24303217097465787,0.1568993050551868,0.40396684596142274,0.2843633689094003,0.31166978512917715
2017,cl-0q-3tqr,b81aa4fa|c72c8787,180,2,FALSE,FALSE,FALSE,FALSE,180,2,2,2,0,1,1,0,1,0,1,Igor Shitov,efe679a0,yellow_red_card,90+1,2,0.3900136821187738,0.3084421930481806,0.30154412483304555,0.6284951015882035,0.23163210132243375,0.1398727970893628
2017,cl-0q-3tqr,b81aa4fa|c72c8787,180,2,FALSE,FALSE,FALSE,FALSE,181,2,2,3,-1,1,1,0,1,0,1,Moussa Dembélé,e7986081,penalty_goal,90+2,1,0.3900136821187738,0.3084421930481806,0.30154412483304555,0.6284951015882035,0.23163210132243375,0.1398727970893628
2017,cl-1k-1r16,206d90db|e2d8892c,180,2,FALSE,FALSE,FALSE,FALSE,180,2,5,5,0,1,0,1,0,0,0,Neymar,69384e5d,penalty_goal,90+1,1,0.3044350966517412,0.28231045299972507,0.4132544503485337,0.6324788041630244,0.19420154098203826,0.17331965485493736
2017,cl-1k-1r16,206d90db|e2d8892c,180,2,FALSE,FALSE,FALSE,FALSE,181,2,5,6,-1,1,0,1,0,0,0,Sergi Roberto,335fa267,goal,90+5,1,0.3044350966517412,0.28231045299972507,0.4132544503485337,0.6324788041630244,0.19420154098203826,0.17331965485493736
2017,el-0q-1fqr,278db974|9bc3bc52,6,2,FALSE,FALSE,FALSE,FALSE,6,1,1,0,1,0,0,0,0,0,0,Dejan Đenić,b58f3612,goal,6,1,,,,,,
2017,el-0q-1fqr,278db974|9bc3bc52,6,2,FALSE,FALSE,FALSE,FALSE,7,1,1,1,0,0,1,-1,0,0,0,Dejan Meleg,b5c1df6a,goal,6,2,,,,,,
2017,el-0q-1fqr,8bbab7cf|aa065002,90,2,TRUE,FALSE,FALSE,FALSE,90,1,2,1,1,0,1,-1,0,0,0,Niall McGinn,2915df74,goal,90+3,1,0.7440312917105505,0.1574157102226838,0.0985529980667657,0.14350367669538633,0.20272244284260907,0.6537738804620047
2017,el-0q-1fqr,8bbab7cf|aa065002,90,2,TRUE,FALSE,FALSE,FALSE,91,1,3,1,2,0,1,-1,0,0,0,Adam Rooney,57f37196,penalty_goal,90+8,1,0.7440312917105505,0.1574157102226838,0.0985529980667657,0.14350367669538633,0.20272244284260907,0.6537738804620047
2017,el-0q-1fqr,99a0526b|a338349f,90,2,TRUE,FALSE,FALSE,FALSE,90,1,2,0,2,0,0,0,0,2,-2,Alexandru Suvorov,a1310edc,red_card,90+3,2,0.759074973531762,0.1577350320347934,0.0831899944334445,0.16516412969207986,0.25063990570523165,0.5841959646026885
2017,el-0q-1fqr,99a0526b|a338349f,90,2,TRUE,FALSE,FALSE,FALSE,91,1,3,0,3,0,0,0,0,2,-2,Róbert Feczesin,93fb5a14,goal,90+4,1,0.759074973531762,0.1577350320347934,0.0831899944334445,0.16516412969207986,0.25063990570523165,0.5841959646026885
2017,el-0q-2sqr,04c011d8|768fb565,90,2,FALSE,FALSE,FALSE,FALSE,90,1,1,1,0,0,1,-1,0,0,0,Yossi Benayoun,8414bb13,goal,90+1,2,0.44497798182329235,0.2975967394359598,0.25742527874074767,0.6037553953309205,0.24110544562608976,0.15513915904298978
2017,el-0q-2sqr,04c011d8|768fb565,90,2,FALSE,FALSE,FALSE,FALSE,91,1,1,1,0,0,1,-1,1,0,1,Bauyrzhan Islamkhan,318c3d00,red_card,90+3,1,0.44497798182329235,0.2975967394359598,0.25742527874074767,0.6037553953309205,0.24110544562608976,0.15513915904298978
2017,el-0q-2sqr,4936d1b7|8774e267,64,2,FALSE,FALSE,FALSE,FALSE,64,1,0,0,0,0,0,0,1,0,1,Baba Mensah,533ab632,red_card,64,1,0.5653795256465681,0.24602092910439144,0.18859954524904055,0.35842158821090725,0.29510420985188257,0.3464742019372103
2017,el-0q-2sqr,4936d1b7|8774e267,64,2,FALSE,FALSE,FALSE,FALSE,65,1,0,1,-1,0,1,-1,1,0,1,Seán Maguire,7f07729c,penalty_goal,64,2,0.5653795256465681,0.24602092910439144,0.18859954524904055,0.35842158821090725,0.29510420985188257,0.3464742019372103
2017,el-1k-4sf,19538871|f25da7fb,178,2,FALSE,FALSE,FALSE,FALSE,178,2,1,2,-1,1,1,0,0,1,-1,Eric Bailly,a1232f4e,red_card,88,1,0.2843633701421512,0.30596058812763105,0.4096760417302178,0.612016853975941,0.2450229383006417,0.14296020772341722
2017,el-1k-4sf,19538871|f25da7fb,178,2,FALSE,FALSE,FALSE,FALSE,179,2,1,2,-1,1,1,0,1,1,0,Facundo Roncaglia,51e3954c,red_card,88,2,0.2843633701421512,0.30596058812763105,0.4096760417302178,0.612016853975941,0.2450229383006417,0.14296020772341722
2017,el-1k-4sf,19c3f8c4|d53c0b06,135,2,TRUE,FALSE,FALSE,FALSE,135,2,5,2,3,1,1,0,0,0,0,Alexandre Lacazette,9dbb75ca,penalty_goal,45,1,0.43975628501732067,0.2675184067188701,0.2927253082638092,0.5422436022449024,0.2210232074367809,0.23673319031831677
2017,el-1k-4sf,19c3f8c4|d53c0b06,135,2,TRUE,FALSE,FALSE,FALSE,136,2,5,3,2,1,1,0,0,0,0,Alexandre Lacazette,9dbb75ca,goal,45+1,1,0.43975628501732067,0.2675184067188701,0.2927253082638092,0.5422436022449024,0.2210232074367809,0.23673319031831677
2018,cl-0q-3tqr,4b682260|c734e22f,90,2,FALSE,TRUE,FALSE,FALSE,90,1,2,1,1,0,1,-1,0,0,0,Christian Fassnacht,0aeeed3f,goal,90+1,2,0.613422555403972,0.22881411987452654,0.15776332472150162,0.358508604206501,0.2629063097514341,0.37858508604206503
2018,cl-0q-3tqr,4b682260|c734e22f,90,2,FALSE,TRUE,FALSE,FALSE,91,1,3,1,2,0,1,-1,0,0,0,Denys Harmash,bfc5768b,goal,90+3,1,0.613422555403972,0.22881411987452654,0.15776332472150162,0.358508604206501,0.2629063097514341,0.37858508604206503
2018,cl-0q-4po,132ebc33|d48ad4ff,79,2,TRUE,FALSE,FALSE,FALSE,79,1,2,0,2,0,0,0,0,1,-1,Vincent Koziello,9a493fb7,red_card,79,2,0.7682799941693014,0.15267885416719026,0.07904115166350838,0.20773575374861564,0.23529774564646636,0.556966500604918
2018,cl-0q-4po,132ebc33|d48ad4ff,79,2,TRUE,FALSE,FALSE,FALSE,80,1,2,0,2,0,0,0,0,2,-2,Alassane Pléa,bc6bd723,yellow_red_card,79,2,0.7682799941693014,0.15267885416719026,0.07904115166350838,0.20773575374861564,0.23529774564646636,0.556966500604918
2018,cl-1k-2qf,53a2f082|e0652b02,180,2,FALSE,FALSE,FALSE,FALSE,180,2,3,3,0,3,3,0,1,0,1,Gianluigi Buffon,e40d028b,red_card,90+3,2,0.32423034124629085,0.30021327893175076,0.3755563798219585,0.5897919066936563,0.22058359734397726,0.1896244959623664
2018,cl-1k-2qf,53a2f082|e0652b02,180,2,FALSE,FALSE,FALSE,FALSE,181,2,3,4,-1,3,3,0,1,0,1,Cristiano Ronaldo,dea698d9,penalty_goal,90+7,1,0.32423034124629085,0.30021327893175076,0.3755563798219585,0.5897919066936563,0.22058359734397726,0.1896244959623664
2018,el-0q-1fqr,099c6eb5|9c088d4e,45,2,TRUE,FALSE,FALSE,FALSE,45,1,0,0,0,0,0,0,0,1,-1,Enzo Ruiz,675c9cff,red_card,45+4,2,0.8644129712092783,0.0955479061948038,0.040039122595917784,0.1009096210770081,0.18124543591501452,0.7178449430079773
2018,el-0q-1fqr,099c6eb5|9c088d4e,45,2,TRUE,FALSE,FALSE,FALSE,46,1,1,0,1,0,0,0,0,1,-1,Richmond Boakye,27f0fcda,penalty_goal,45+5,1,0.8644129712092783,0.0955479061948038,0.040039122595917784,0.1009096210770081,0.18124543591501452,0.7178449430079773
2018,el-0q-1fqr,5f2630fb|8dc7bf66,180,2,TRUE,FALSE,FALSE,FALSE,180,2,3,0,3,2,0,2,0,0,0,Andrija Kaludjerović,14c73f48,goal,90+2,2,0.5532445345825605,0.268670913534451,0.17808455188298858,0.3664868166547898,0.31029217143438864,0.32322101191082153
2018,el-0q-1fqr,5f2630fb|8dc7bf66,180,2,TRUE,FALSE,FALSE,FALSE,181,2,4,0,4,3,0,3,0,0,0,Mirko Raičević,33e603dd,goal,90+4,2,0.5532445345825605,0.268670913534451,0.17808455188298858,0.3664868166547898,0.31029217143438864,0.32322101191082153
2018,el-0q-1fqr,78816dd0|df526548,180,2,TRUE,FALSE,FALSE,FALSE,180,2,5,0,5,4,0,4,0,0,0,Donjet Shkodra,414f7c7d,goal,90+1,2,0.8654624208947664,0.09245295890863975,0.04208462019659378,0.10154828100679827,0.2051140775302879,0.6933376414629138
2018,el-0q-1fqr,78816dd0|df526548,180,2,TRUE,FALSE,FALSE,FALSE,181,2,6,0,6,5,0,5,0,0,0,Liridon Latifi,8f39517f,goal,90+3,2,0.8654624208947664,0.09245295890863975,0.04208462019659378,0.10154828100679827,0.2051140775302879,0.6933376414629138
2018,el-0q-1fqr,79000faa|bbb935cb,90,2,TRUE,FALSE,FALSE,FALSE,90,1,3,3,0,0,3,-3,0,0,0,Idan Vered,bbb4eac7,goal,90+2,1,0.6224094444216677,0.22677557781315855,0.15081497776517375,0.3411860974162797,0.25707096536628277,0.40174293721743753
2018,el-0q-1fqr,79000faa|bbb935cb,90,2,TRUE,FALSE,FALSE,FALSE,91,1,4,3,1,0,3,-3,0,0,0,Erik Sabo,dbec1c01,goal,90+3,1,0.6224094444216677,0.22677557781315855,0.15081497776517375,0.3411860974162797,0.25707096536628277,0.40174293721743753
2018,el-0q-1fqr,8771d9cd|e404a61d,180,2,FALSE,FALSE,FALSE,FALSE,180,2,2,4,-2,2,2,0,1,0,1,Bede Amarachi Osuji,1d65c7a4,goal,90+2,1,0.3177106345376066,0.3051694252795432,0.3771199401828501,0.6272225541572302,0.23394757154672893,0.13882987429604093
2018,el-0q-1fqr,8771d9cd|e404a61d,180,2,FALSE,FALSE,FALSE,FALSE,181,2,2,4,-2,2,2,0,2,0,2,"Давоян, Агван Рафикович",1a42df7f,yellow_red_card,90+3,2,0.3177106345376066,0.3051694252795432,0.3771199401828501,0.6272225541572302,0.23394757154672893,0.13882987429604093
2018,el-0q-2sqr,3c4fb635|6611f992,45,2,FALSE,FALSE,FALSE,FALSE,45,1,2,0,2,0,0,0,1,0,1,Julian Koch,197328ef,red_card,45+1,1,0.2676317630242389,0.2653508104984642,0.46701742647729694,0.6244935847901386,0.21145380974835393,0.16405260546150752
2018,el-0q-2sqr,3c4fb635|6611f992,45,2,FALSE,FALSE,FALSE,FALSE,46,1,2,1,1,0,1,-1,1,0,1,Jakob Poulsen,fbf3272e,penalty_goal,45+1,2,0.2676317630242389,0.2653508104984642,0.46701742647729694,0.6244935847901386,0.21145380974835393,0.16405260546150752
2018,el-0q-4po,5b47810a|ae1e2d7d,90,2,TRUE,FALSE,FALSE,FALSE,90,1,2,0,2,0,0,0,1,0,1,Mehmet Topal (OG),f93c876b,own_goal,90+2,1,0.11631927160169789,0.20653639728841783,0.6771443311098841,0.8431218809590427,0.1119577693424867,0.04492034969847062
2018,el-0q-4po,5b47810a|ae1e2d7d,90,2,TRUE,FALSE,FALSE,FALSE,91,1,2,0,2,0,0,0,1,1,0,Josef de Souza,fb6530de,red_card,90+3,2,0.11631927160169789,0.20653639728841783,0.6771443311098841,0.8431218809590427,0.1119577693424867,0.04492034969847062
2019,cl-0q-1fqr,90e37d3a|b838366a,180,2,FALSE,FALSE,FALSE,FALSE,180,2,2,2,0,1,0,1,1,0,1,Patrick Pedersen,3e915049,red_card,90+3,2,0.21247935890379113,0.27641120140581676,0.511109439690392,0.7821560088172308,0.1471139828496359,0.07073000833313316
2019,cl-0q-1fqr,90e37d3a|b838366a,180,2,FALSE,FALSE,FALSE,FALSE,181,2,2,3,-1,1,0,1,1,0,1,Nicklas Bendtner,9f9c57f0,penalty_goal,90+4,1,0.21247935890379113,0.27641120140581676,0.511109439690392,0.7821560088172308,0.1471139828496359,0.07073000833313316
2019,el-0q-1fqr,0e3f0159|869a3b6a,135,2,TRUE,FALSE,FALSE,FALSE,135,2,6,1,5,1,0,1,0,0,0,Adeleke Akinyemi,af068d41,goal,45+4,2,0.4547894885560893,0.2786097767730998,0.26660073467081097,0.40515825053774457,0.259891426815528,0.33495032264672747
2019,el-0q-1fqr,0e3f0159|869a3b6a,135,2,TRUE,FALSE,FALSE,FALSE,136,2,7,1,6,2,0,2,0,0,0,Adeleke Akinyemi,af068d41,goal,45+8,2,0.4547894885560893,0.2786097767730998,0.26660073467081097,0.40515825053774457,0.259891426815528,0.33495032264672747
2019,el-0q-1fqr,174bd5a0|b3b6ca5d,180,2,FALSE,FALSE,FALSE,FALSE,180,2,3,5,-2,1,1,0,0,0,0,Eirik Hestad,315e74cf,goal,90,1,0.045920244120152505,0.11511279984631553,0.8389669560335319,0.8739343599002785,0.08485403066931718,0.041211609430404375
2019,el-0q-1fqr,174bd5a0|b3b6ca5d,180,2,FALSE,FALSE,FALSE,FALSE,181,2,3,6,-3,1,1,0,0,0,0,Babacar Sarr,caf520fb,goal,90+4,1,0.045920244120152505,0.11511279984631553,0.8389669560335319,0.8739343599002785,0.08485403066931718,0.041211609430404375
2019,el-0q-1fqr,47b3e736|e0afb445,90,2,FALSE,FALSE,FALSE,FALSE,90,1,0,3,-3,0,3,-3,0,0,0,Ole Jørgen Halvorsen,13d74bff,goal,90+1,2,0.16602731815903518,0.23639930326705264,0.5975733785739124,0.806342565011984,0.1288371040515016,0.0648203309365143
2019,el-0q-1fqr,47b3e736|e0afb445,90,2,FALSE,FALSE,FALSE,FALSE,91,1,0,4,-4,0,4,-4,0,0,0,Amin Askar,940efd73,goal,90+4,2,0.16602731815903518,0.23639930326705264,0.5975733785739124,0.806342565011984,0.1288371040515016,0.0648203309365143
2019,el-0q-1fqr,49e1cbfd|63866313,180,3,TRUE,FALSE,FALSE,FALSE,180,2,4,3,1,0,1,-1,0,0,0,Slavik Alxasov,46c8027a,goal,90+1,1,0.30916030534351147,0.30916030534351147,0.3816793893129771,0.5603353725413731,0.24772721733408076,0.19193741012454607
2019,el-0q-1fqr,49e1cbfd|63866313,180,3,TRUE,FALSE,FALSE,FALSE,181,2,5,3,2,1,1,0,0,0,0,Andrija Majdevac,1ede6696,goal,90+6,2,0.30916030534351147,0.30916030534351147,0.3816793893129771,0.5603353725413731,0.24772721733408076,0.19193741012454607
2019,el-0q-1fqr,49e1cbfd|63866313,180,3,TRUE,FALSE,FALSE,FALSE,182,2,5,3,2,1,1,0,1,0,1,Andrija Majdevac,1ede6696,yellow_red_card,90+6,2,0.30916030534351147,0.30916030534351147,0.3816793893129771,0.5603353725413731,0.24772721733408076,0.19193741012454607
2019,el-0q-2sqr,7517d495|fdba14df,210,2,FALSE,FALSE,TRUE,FALSE,210,2,2,4,-2,1,1,0,2,0,2,Pavel Rybak,81e7d138,yellow_red_card,120,2,0.30595013410151983,0.3039634449190424,0.3900864209794378,0.6406400424601443,0.23813380877319187,0.12122614876666372
2019,el-0q-2sqr,7517d495|fdba14df,210,2,FALSE,FALSE,TRUE,FALSE,211,2,2,4,-2,1,1,0,3,0,3,Dzyanis Laptsew,5d8bea0d,red_card,120,2,0.30595013410151983,0.3039634449190424,0.3900864209794378,0.6406400424601443,0.23813380877319187,0.12122614876666372
2019,el-0q-3tqr,0f9294bd|d20821dd,180,2,TRUE,TRUE,FALSE,FALSE,180,2,2,2,0,1,0,1,0,0,0,Álvaro Negredo,63b0ca6b,goal,90,2,0.6667961729097841,0.21869806746318146,0.11450575962703455,0.23191180523554827,0.2868939353521828,0.48119425941226895
2019,el-0q-3tqr,0f9294bd|d20821dd,180,2,TRUE,TRUE,FALSE,FALSE,181,2,2,2,0,1,0,1,1,0,1,Álvaro Negredo,63b0ca6b,yellow_red_card,90+2,2,0.6667961729097841,0.21869806746318146,0.11450575962703455,0.23191180523554827,0.2868939353521828,0.48119425941226895
2019,el-0q-3tqr,98ce363d|e2a78c9d,210,3,FALSE,FALSE,TRUE,FALSE,210,2,5,6,-1,1,0,1,1,1,0,Maksim Shvyatsow,0e7fc367,yellow_red_card,120+1,2,0.163677234051946,0.2692304503297635,0.5670923156182905,0.7839830226177956,0.14595159050673895,0.07006538687546553
2019,el-0q-3tqr,98ce363d|e2a78c9d,210,3,FALSE,FALSE,TRUE,FALSE,211,2,5,7,-2,1,0,1,1,1,0,Federico Vairo,1aa63018,penalty_goal,120+2,1,0.163677234051946,0.2692304503297635,0.5670923156182905,0.7839830226177956,0.14595159050673895,0.07006538687546553
2019,el-0q-3tqr,98ce363d|e2a78c9d,210,3,FALSE,FALSE,TRUE,FALSE,212,2,5,8,-3,1,0,1,1,1,0,Federico Vairo,1aa63018,goal,120+3,1,0.163677234051946,0.2692304503297635,0.5670923156182905,0.7839830226177956,0.14595159050673895,0.07006538687546553
2019,el-0q-4po,2fdb4aef|943e8050,60,2,TRUE,FALSE,FALSE,FALSE,60,1,3,1,2,0,1,-1,0,0,0,Kostas Fortounis,715e5b0e,penalty_goal,60,1,0.5391689848285784,0.2820328383843574,0.1787981767870643,0.3686233919858051,0.2867070826556262,0.3446695253585687
2019,el-0q-4po,2fdb4aef|943e8050,60,2,TRUE,FALSE,FALSE,FALSE,61,1,3,1,2,0,1,-1,0,1,-1,Ben Gibson,bcfb0142,yellow_red_card,60,2,0.5391689848285784,0.2820328383843574,0.1787981767870643,0.3686233919858051,0.2867070826556262,0.3446695253585687
2019,el-1k-3qf,2a8183b3|dcc91a7b,90,2,FALSE,FALSE,FALSE,FALSE,90,1,1,2,-1,0,2,-2,0,0,0,Daniel Wass,d83bbc54,goal,90+1,2,0.2965340775126682,0.3002292062044148,0.40323671628291696,0.5450384128219542,0.24625868928622996,0.20870289789181581
2019,el-1k-3qf,2a8183b3|dcc91a7b,90,2,FALSE,FALSE,FALSE,FALSE,91,1,1,3,-2,0,3,-3,0,0,0,Gonçalo Guedes,e6bc67d7,goal,90+3,2,0.2965340775126682,0.3002292062044148,0.40323671628291696,0.5450384128219542,0.24625868928622996,0.20870289789181581
2020,cl-0q-3tqr,c734e22f|f1e6c5f1,180,2,TRUE,FALSE,FALSE,FALSE,180,2,3,3,0,2,0,2,1,1,0,Brandon Mechele (OG),0a6dbbf7,own_goal,90+3,1,0.5286963897704687,0.2617708475535943,0.20953276267593693,0.3989181879648411,0.27924273157538876,0.32183908045977005
2020,cl-0q-3tqr,c734e22f|f1e6c5f1,180,2,TRUE,FALSE,FALSE,FALSE,181,2,4,3,1,3,0,3,1,1,0,Loïs Openda,8652a85c,goal,90+5,2,0.5286963897704687,0.2617708475535943,0.20953276267593693,0.3989181879648411,0.27924273157538876,0.32183908045977005
2020,el-0q-0pre,7de37644|bb780485,138,2,FALSE,FALSE,FALSE,FALSE,138,2,1,1,0,0,1,-1,1,0,1,Armend Dallku,415404e1,red_card,48,2,0.779612945997711,0.1470409405658732,0.0733461134364158,0.193406530928207,0.2571610383532946,0.5494324307184982
2020,el-0q-0pre,7de37644|bb780485,138,2,FALSE,FALSE,FALSE,FALSE,139,2,1,1,0,0,1,-1,2,0,2,Leotrim Bekteshi,db6479c1,yellow_red_card,48,2,0.779612945997711,0.1470409405658732,0.0733461134364158,0.193406530928207,0.2571610383532946,0.5494324307184982
2020,el-0q-1fqr,584d189a|768fb565,180,3,FALSE,FALSE,FALSE,FALSE,180,2,2,2,0,1,2,-1,0,0,0,Dražen Bagarić,3de559ea,penalty_goal,90,2,0.3836081657295951,0.3046300139617373,0.31176182030866756,0.6135263686652465,0.23622059553039557,0.15025303580435787
2020,el-0q-1fqr,584d189a|768fb565,180,3,FALSE,FALSE,FALSE,FALSE,181,2,2,3,-1,1,2,-1,0,0,0,Ramazan Orazov,528cfbd1,goal,90+1,1,0.3836081657295951,0.3046300139617373,0.31176182030866756,0.6135263686652465,0.23622059553039557,0.15025303580435787
2020,el-0q-1fqr,584d189a|768fb565,180,3,FALSE,FALSE,FALSE,FALSE,182,2,2,4,-2,1,2,-1,0,0,0,Islambek Kuat,4ac69891,goal,90+3,1,0.3836081657295951,0.3046300139617373,0.31176182030866756,0.6135263686652465,0.23622059553039557,0.15025303580435787
2020,el-0q-1fqr,7c90642e|8ae75624,90,2,TRUE,FALSE,FALSE,FALSE,90,1,2,2,0,0,2,-2,0,0,0,Luka Menalo,8d7fe72a,goal,90,1,0.6471120725070187,0.21933728707934191,0.13355064041363943,0.20984567068691076,0.24381546594171097,0.5463388633713783
2020,el-0q-1fqr,7c90642e|8ae75624,90,2,TRUE,FALSE,FALSE,FALSE,91,1,2,3,-1,0,3,-3,0,0,0,Tin Vukmanic,61eadb69,goal,90+3,2,0.6471120725070187,0.21933728707934191,0.13355064041363943,0.20984567068691076,0.24381546594171097,0.5463388633713783
2020,el-0q-2sqr,03022534|8424bb18,178,2,TRUE,FALSE,FALSE,FALSE,178,2,2,1,1,0,1,-1,0,1,-1,Tomáš Břečka,55305521,yellow_red_card,88,1,,,,,,
2020,el-0q-2sqr,03022534|8424bb18,178,2,TRUE,FALSE,FALSE,FALSE,179,2,2,1,1,0,1,-1,1,1,0,Erik Vardanyan,5ab42423,yellow_red_card,88,2,,,,,,
2020,el-0q-2sqr,869a3b6a|8ab497d5,180,3,TRUE,FALSE,FALSE,FALSE,180,2,6,2,4,2,0,2,0,0,0,Jefferson,e49153fb,goal,90+3,1,0.5643938682875732,0.2542678325380228,0.1813382991744039,0.5747703486675918,0.22398330894983498,0.2012463423825731
2020,el-0q-2sqr,869a3b6a|8ab497d5,180,3,TRUE,FALSE,FALSE,FALSE,181,2,6,2,4,2,0,2,0,1,-1,Amadou Samb,93a5cb15,red_card,90+4,1,0.5643938682875732,0.2542678325380228,0.1813382991744039,0.5747703486675918,0.22398330894983498,0.2012463423825731
2020,el-0q-2sqr,869a3b6a|8ab497d5,180,3,TRUE,FALSE,FALSE,FALSE,182,2,6,2,4,2,0,2,1,1,0,Kostyantyn Makhnovskyi,95425e73,red_card,90+4,2,0.5643938682875732,0.2542678325380228,0.1813382991744039,0.5747703486675918,0.22398330894983498,0.2012463423825731
2020,el-0q-2sqr,baae133b|c480c810,180,3,FALSE,FALSE,FALSE,FALSE,180,2,2,3,-1,1,2,-1,1,0,1,Agim Ibraimi,8d63de15,goal,90+2,2,0.5821311105152809,0.2320979086827542,0.18577098080196494,0.31380631863708097,0.2687192038903739,0.41747447747254524
2020,el-0q-2sqr,baae133b|c480c810,180,3,FALSE,FALSE,FALSE,FALSE,181,2,2,3,-1,1,2,-1,2,0,2,Valmir Nafiu,928cfbad,red_card,90+4,2,0.5821311105152809,0.2320979086827542,0.18577098080196494,0.31380631863708097,0.2687192038903739,0.41747447747254524
2020,el-0q-2sqr,baae133b|c480c810,180,3,FALSE,FALSE,FALSE,FALSE,182,2,2,3,-1,1,2,-1,3,0,3,Agim Ibraimi,8d63de15,red_card,90+5,2,0.5821311105152809,0.2320979086827542,0.18577098080196494,0.31380631863708097,0.2687192038903739,0.41747447747254524
2020,el-0q-3tqr,01689b1a|51e5a603,180,2,FALSE,FALSE,FALSE,FALSE,180,2,1,3,-2,0,1,-1,0,0,0,Jonathan David,ce50fd99,goal,90+3,1,0.3551337303023325,0.2757508964700464,0.36911537322762117,0.604165838262512,0.2236790149487664,0.17215514678872149
2020,el-0q-3tqr,01689b1a|51e5a603,180,2,FALSE,FALSE,FALSE,FALSE,181,2,1,4,-3,0,1,-1,0,0,0,Jonathan David,ce50fd99,goal,90+6,1,0.3551337303023325,0.2757508964700464,0.36911537322762117,0.604165838262512,0.2236790149487664,0.17215514678872149
2020,el-0q-3tqr,69d84c29|ab75e049,90,2,FALSE,FALSE,FALSE,FALSE,90,1,2,3,-1,0,3,-3,0,0,0,Ricardo Horta,6603fed7,goal,90+2,2,0.29937106918239,0.2779874213836478,0.4226415094339623,0.6412622256200358,0.21034024628926812,0.14839752809069623
2020,el-0q-3tqr,69d84c29|ab75e049,90,2,FALSE,FALSE,FALSE,FALSE,91,1,2,4,-2,0,4,-4,0,0,0,Hjörtur Hermannsson (OG),6aa0d1e2,own_goal,90+4,2,0.29937106918239,0.2779874213836478,0.4226415094339623,0.6412622256200358,0.21034024628926812,0.14839752809069623
